"","mode","price.beach","price.pier","price.boat","price.charter","catch.beach","catch.pier","catch.boat","catch.charter","income"
"1","charter",157.93,157.93,157.93,182.93,0.0678,0.0503,0.2601,0.5391,7083.3317
"2","charter",15.114,15.114,10.534,34.534,0.1049,0.0451,0.1574,0.4671,1249.9998
"3","boat",161.874,161.874,24.334,59.334,0.5333,0.4522,0.2413,1.0266,3749.9999
"4","pier",15.134,15.134,55.93,84.93,0.0678,0.0789,0.1643,0.5391,2083.3332
"5","boat",106.93,106.93,41.514,71.014,0.0678,0.0503,0.1082,0.324,4583.332
"6","charter",192.474,192.474,28.934,63.934,0.5333,0.4522,0.1665,0.3975,4583.332
"7","beach",51.934,51.934,191.93,220.93,0.0678,0.0789,0.1643,0.5391,8750.001
"8","charter",15.134,15.134,21.714,56.714,0.0678,0.0789,0.0102,0.0209,2083.3332
"9","boat",34.914,34.914,34.914,53.414,0.2537,0.1498,0.0233,0.0219,3749.9999
"10","boat",28.314,28.314,28.314,46.814,0.2537,0.1498,0.0233,0.0219,2916.6666
"11","pier",34.914,34.914,24.334,48.334,0.1049,0.0451,0.1574,0.4671,3749.9999
"12","boat",312.144,312.144,16.722,51.722,0.5333,0.4522,0.2413,1.0266,7083.3317
"13","pier",17.862,17.862,4.122,28.122,0.1049,0.0451,0.0023,0.0046,1249.9998
"14","pier",15.134,15.134,55.93,84.93,0.0678,0.0789,0.0014,0.0029,2083.3332
"15","beach",74.514,74.514,74.514,93.014,0.2537,0.1498,0.2339,0.6288,8750.001
"16","pier",33.534,33.534,123.93,152.93,0.0678,0.0789,0.1643,0.5391,5416.6667
"17","beach",48.114,48.114,33.534,57.534,0.1049,0.0451,0.1574,0.4671,5416.6667
"18","pier",33.462,33.462,7.722,31.722,0.1049,0.0079,0.0613,0.3087,2916.6666
"19","boat",211.344,211.344,11.322,46.322,0.5333,0.0069,0.0361,0.4216,4583.332
"20","boat",49.062,49.062,11.322,35.322,0.1049,0.0451,0.1574,0.4671,4583.332
"21","charter",345.744,345.744,18.522,53.522,0.5333,0.4522,0.0156,0.0058,7916.6663
"22","charter",88.062,88.062,20.322,44.322,0.1049,0.0451,0.0023,0.0046,8750.001
"23","boat",100.674,100.674,15.134,50.134,0.5333,0.4522,0.1665,0.3975,2083.3332
"24","charter",28.314,28.314,19.734,43.734,0.1049,0.0079,0.0613,0.3087,2916.6666
"25","charter",33.462,33.462,34.32,69.32,0.0678,0.0789,0.0559,0.6456,2916.6666
"26","beach",67.784,67.784,17.862,52.862,0.5333,0.4522,0.2413,1.0266,1249.9998
"27","pier",50.32,50.32,49.062,73.062,0.1049,0.0451,0.1574,0.4671,4583.332
"28","boat",72.462,72.462,74.32,109.32,0.0678,0.0789,0.0897,1.0905,7083.3317
"29","charter",70.074,70.074,10.534,45.534,0.5333,0.4522,0.0156,0.0058,1249.9998
"30","charter",131.274,131.274,19.734,54.734,0.5333,0.4522,0.0156,0.0058,2916.6666
"31","charter",28.314,28.314,19.734,43.734,0.1049,0.0451,0.0023,0.0046,2916.6666
"32","charter",49.062,49.062,11.322,35.322,0.1049,0.0079,0.0613,0.3087,4583.332
"33","boat",33.462,33.462,7.722,31.722,0.1049,0.0451,0.0023,0.0046,2916.6666
"34","beach",9.522,9.522,78.292,107.292,0.0678,0.0789,0.0014,0.0029,3749.9999
"35","pier",25.662,25.662,5.922,29.922,0.1049,0.0079,0.0613,0.3087,2083.3332
"36","charter",144.144,144.144,7.722,42.722,0.5333,0.0069,0.0361,0.4216,2916.6666
"37","pier",120.004,120.004,252.64,281.64,0.0678,0.0789,0.0014,0.0029,12499.998
"38","boat",25.648,25.648,80.608,105.608,0.2537,0.1498,0.0531,0.0052,1249.9998
"39","charter",115.808,115.808,25.004,60.004,0.5333,0.4522,0.0156,0.0058,2083.3332
"40","pier",32.604,32.604,68.64,97.64,0.0678,0.0789,0.1643,0.5391,2916.6666
"41","boat",10.296,10.296,46.332,75.332,0.0678,0.0789,0.1643,0.5391,2916.6666
"42","charter",10.296,10.296,54.912,89.912,0.0678,0.0789,0.0897,1.0905,2916.6666
"43","boat",231.472,231.472,15.096,50.096,0.5333,0.4522,0.2413,1.0266,4583.332
"44","charter",59.248,59.248,186.208,211.208,0.2537,0.1498,0.7369,2.3101,3749.9999
"45","charter",231.472,231.472,15.096,50.096,0.5333,0.4522,0.2413,1.0266,4583.332
"46","pier",19.896,19.896,89.532,118.532,0.0678,0.0789,0.0014,0.0029,6250.0013
"47","charter",341.872,341.872,22.296,57.296,0.5333,0.4522,0.2413,1.0266,7083.3317
"48","charter",80.608,80.608,17.404,52.404,0.5333,0.4522,0.2413,1.0266,1249.9998
"49","beach",24.334,24.334,89.93,118.93,0.0678,0.0789,0.1643,0.5391,3749.9999
"50","beach",11.322,11.322,93.092,122.092,0.0678,0.0789,0.1643,0.5391,4583.332
"51","charter",177.744,177.744,9.522,44.522,0.5333,0.4522,0.0156,0.0058,3749.9999
"52","pier",5.922,5.922,48.692,77.692,0.0678,0.0789,0.1643,0.5391,2083.3332
"53","boat",177.744,177.744,9.522,44.522,0.5333,0.4522,0.2413,1.0266,3749.9999
"54","boat",70.074,70.074,10.534,45.534,0.5333,0.0069,0.0361,0.4216,1249.9998
"55","charter",41.514,41.514,28.934,52.934,0.1049,0.0079,0.0613,0.3087,4583.332
"56","charter",21.714,21.714,15.134,39.134,0.1049,0.0451,0.0023,0.0046,2083.3332
"57","charter",144.144,144.144,7.722,42.722,0.5333,0.4522,0.0156,0.0058,2916.6666
"58","boat",25.662,25.662,5.922,29.922,0.1049,0.0079,0.0613,0.3087,2083.3332
"59","boat",244.944,244.944,13.122,48.122,0.5333,0.4522,0.0156,0.0058,5416.6667
"60","charter",144.144,144.144,7.722,42.722,0.5333,0.4522,0.2413,1.0266,2916.6666
"61","pier",5.922,5.922,48.692,77.692,0.0678,0.0789,0.0014,0.0029,2083.3332
"62","pier",93.092,93.092,93.092,118.092,0.0678,0.0503,0.2601,0.5391,4583.332
"63","charter",177.744,177.744,9.522,44.522,0.5333,0.0069,0.0361,0.4216,3749.9999
"64","boat",41.262,41.262,9.522,33.522,0.1049,0.0451,0.1574,0.4671,3749.9999
"65","pier",9.522,9.522,78.292,107.292,0.0678,0.0789,0.1643,0.5391,3749.9999
"66","charter",76.944,76.944,4.122,39.122,0.5333,0.4522,0.2413,1.0266,1249.9998
"67","boat",177.744,177.744,9.522,44.522,0.5333,0.4522,0.2413,1.0266,3749.9999
"68","charter",177.744,177.744,9.522,44.522,0.5333,0.4522,0.1665,0.3975,3749.9999
"69","boat",244.944,244.944,13.122,48.122,0.5333,0.4522,0.2413,1.0266,5416.6667
"70","pier",33.462,33.462,7.722,31.722,0.1049,0.0451,0.1574,0.4671,2916.6666
"71","boat",33.462,33.462,7.722,31.722,0.1049,0.0451,0.0023,0.0046,2916.6666
"72","charter",5.922,5.922,25.662,60.662,0.0678,0.0789,0.0102,0.0209,2083.3332
"73","charter",345.744,345.744,18.522,53.522,0.5333,0.4522,0.1665,0.3975,7916.6663
"74","boat",244.944,244.944,13.122,48.122,0.5333,0.0069,0.0361,0.4216,5416.6667
"75","boat",64.662,64.662,14.922,38.922,0.1049,0.0451,0.0023,0.0046,6250.0013
"76","beach",9.522,9.522,78.292,107.292,0.0678,0.0789,0.1643,0.5391,3749.9999
"77","beach",24.696,24.696,111.132,140.132,0.0678,0.0789,0.1643,0.5391,7916.6663
"78","boat",33.892,33.892,33.892,58.892,0.0678,0.0503,0.2601,0.5391,1249.9998
"79","charter",144.144,144.144,7.722,42.722,0.5333,0.0069,0.0361,0.4216,2916.6666
"80","boat",110.544,110.544,5.922,40.922,0.5333,0.4522,0.2413,1.0266,2083.3332
"81","charter",76.944,76.944,4.122,39.122,0.5333,0.4522,0.0156,0.0058,1249.9998
"82","beach",7.722,7.722,63.492,92.492,0.0678,0.0789,0.0014,0.0029,2916.6666
"83","boat",177.744,177.744,9.522,44.522,0.5333,0.4522,0.1665,0.3975,3749.9999
"84","boat",17.862,17.862,4.122,28.122,0.1049,0.0451,0.1574,0.4671,1249.9998
"85","charter",33.462,33.462,33.462,51.962,0.2537,0.0014,0.0626,0.2773,2916.6666
"86","boat",8.514,8.514,39.474,64.474,0.2537,0.1498,0.6817,2.3014,416.66668
"87","charter",38.134,38.134,54.714,89.714,0.0678,0.0789,0.0559,0.6456,6250.0013
"88","boat",24.334,24.334,34.914,69.914,0.0678,0.0789,0.0897,1.0905,3749.9999
"89","pier",100.674,100.674,15.134,50.134,0.5333,0.4522,0.2413,1.0266,2083.3332
"90","pier",104.214,104.214,104.214,122.714,0.2537,0.1498,0.2339,0.6288,12499.998
"91","charter",161.874,161.874,24.334,59.334,0.5333,0.4522,0.0156,0.0058,3749.9999
"92","charter",48.114,48.114,33.534,57.534,0.1049,0.0451,0.1574,0.4671,5416.6667
"93","boat",64.662,64.662,66.32,101.32,0.0678,0.0789,0.0102,0.0209,6250.0013
"94","charter",72.462,72.462,74.32,109.32,0.0678,0.0789,0.0102,0.0209,7083.3317
"95","boat",422.984,422.984,111.462,146.462,0.5333,0.4522,0.0051,1.0266,11250.001
"96","charter",56.862,56.862,58.32,93.32,0.0678,0.0789,0.0102,0.0209,5416.6667
"97","boat",72.462,72.462,74.32,109.32,0.0678,0.0789,0.0897,1.0905,7083.3317
"98","charter",210.566,210.566,49.74,79.24,0.0678,0.0052,0.0732,0.1726,6250.0013
"99","pier",43.74,43.74,52.488,70.988,0.2537,0.1498,0.2339,0.6288,5416.6667
"100","beach",31.74,31.74,38.088,56.588,0.2537,0.1498,0.2339,0.6288,3749.9999
"101","beach",19.74,19.74,23.688,42.188,0.2537,0.1498,0.2339,0.6288,2083.3332
"102","pier",31.74,31.74,38.088,56.588,0.2537,0.1498,0.2339,0.6288,3749.9999
"103","charter",55.77,55.77,25.74,60.74,0.0678,0.0025,0.0108,0.2377,2916.6666
"104","charter",42.77,42.77,19.74,54.74,0.0678,0.0789,0.0559,0.6456,2083.3332
"105","charter",261.366,261.366,61.74,91.24,0.0678,0.0052,0.0732,0.1726,7916.6663
"106","charter",268.702,268.702,146.77,181.77,0.5333,0.4522,0.1665,0.3975,8750.001
"107","charter",55.74,55.74,221.102,246.102,0.2537,0.1498,0.6817,2.3014,7083.3317
"108","charter",159.766,159.766,37.74,67.24,0.0678,0.0052,0.0732,0.1726,4583.332
"109","pier",16.77,16.77,32.766,61.766,0.0678,0.0789,0.1643,0.5391,416.66668
"110","boat",125.902,125.902,68.77,103.77,0.5333,0.4522,0.2413,1.0266,3749.9999
"111","boat",56.862,56.862,58.32,93.32,0.0678,0.0025,0.0108,0.2377,5416.6667
"112","charter",25.662,25.662,26.32,61.32,0.0678,0.0025,0.0108,0.2377,2083.3332
"113","charter",46.258,46.258,18.32,47.82,0.0678,0.0052,0.0732,0.1726,1249.9998
"114","beach",42.32,42.32,42.32,60.82,0.2537,0.1498,0.0233,0.0219,3749.9999
"115","charter",64.662,64.662,66.32,101.32,0.0678,0.0789,0.0559,0.6456,6250.0013
"116","charter",42.32,42.32,41.262,65.262,0.1049,0.0451,0.1574,0.4671,3749.9999
"117","boat",58.32,58.32,58.32,76.82,0.2537,0.1498,0.0233,0.0219,5416.6667
"118","charter",77.234,77.234,73.002,108.002,0.0678,0.0789,0.0102,0.0209,3749.9999
"119","charter",150.15,150.15,62.634,97.634,0.5333,0.4522,0.2413,1.0266,2916.6666
"120","charter",135.634,135.634,267.552,296.552,0.0678,0.0789,0.1643,0.0041,7083.3317
"121","beach",73.002,73.002,73.002,91.502,0.2537,0.1498,0.2339,0.6288,3749.9999
"122","boat",205.27,205.27,94.74,129.74,0.0678,0.0789,0.0897,1.0905,12499.998
"123","charter",55.77,55.77,25.74,60.74,0.0678,0.0789,0.0897,1.0905,2916.6666
"124","beach",61.74,61.74,74.088,92.588,0.2537,0.1498,0.2339,0.6288,7916.6663
"125","boat",120.77,120.77,55.74,90.74,0.0678,0.0789,0.0102,0.0209,7083.3317
"126","charter",146.77,146.77,67.74,102.74,0.0678,0.0789,0.0102,0.0209,8750.001
"127","pier",55.74,55.74,66.888,85.388,0.2537,0.1498,0.2339,0.6288,7083.3317
"128","charter",134.366,134.366,31.74,61.24,0.0678,0.0052,0.0732,0.1726,3749.9999
"129","pier",49.74,49.74,59.688,78.188,0.2537,0.1498,0.2339,0.6288,6250.0013
"130","boat",205.27,205.27,94.74,129.74,0.0678,0.0789,0.0102,0.0209,12499.998
"131","boat",205.27,205.27,94.74,129.74,0.0678,0.0025,0.0108,0.2377,12499.998
"132","charter",107.77,107.77,49.74,84.74,0.0678,0.0789,0.0559,0.6456,6250.0013
"133","boat",261.366,261.366,61.74,91.24,0.0678,0.0052,0.0732,0.1726,7916.6663
"134","boat",108.966,108.966,25.74,55.24,0.0678,0.0503,0.0143,0.0289,2916.6666
"135","boat",286.766,286.766,67.74,97.24,0.0678,0.0503,0.0143,0.0289,8750.001
"136","boat",375.802,375.802,205.27,240.27,0.5333,0.4522,0.0156,0.0058,12499.998
"137","charter",68.77,68.77,31.74,66.74,0.0678,0.0025,0.0108,0.2377,3749.9999
"138","charter",68.77,68.77,31.74,66.74,0.0678,0.0789,0.0559,0.6456,3749.9999
"139","charter",67.784,67.784,17.862,52.862,0.5333,0.0069,0.0361,0.4216,1249.9998
"140","charter",186.184,186.184,49.062,84.062,0.5333,0.4522,0.2413,1.0266,4583.332
"141","boat",66.32,66.32,66.32,84.82,0.2537,0.1498,0.2339,0.6288,6250.0013
"142","charter",38.184,38.184,10.062,45.062,0.5333,0.4522,0.1665,0.3975,416.66668
"143","boat",72.462,72.462,74.32,109.32,0.0678,0.0789,0.0897,1.0905,7083.3317
"144","charter",49.062,49.062,50.32,85.32,0.0678,0.0025,0.0108,0.2377,4583.332
"145","boat",333.258,333.258,94.506,129.506,0.5333,0.4522,0.2413,1.0266,6250.0013
"146","charter",85.698,85.698,60.306,84.306,0.1049,0.0451,0.0023,0.0046,3749.9999
"147","charter",166.698,166.698,166.698,185.198,0.2537,0.0014,0.0626,0.2773,7916.6663
"148","charter",252.858,252.858,71.706,106.706,0.5333,0.4522,0.0156,0.0058,4583.332
"149","boat",128.706,128.706,182.898,217.898,0.0678,0.0789,0.0897,1.0905,8750.001
"150","charter",212.658,212.658,60.306,95.306,0.5333,0.4522,0.0156,0.0058,3749.9999
"151","charter",212.658,212.658,60.306,95.306,0.5333,0.4522,0.0156,0.0058,3749.9999
"152","charter",92.058,92.058,26.106,61.106,0.5333,0.4522,0.0156,0.0058,1249.9998
"153","boat",139.35,139.35,63.172,87.172,0.1049,0.0079,0.0613,0.3087,7083.3317
"154","boat",109.35,109.35,49.572,73.572,0.1049,0.0079,0.0613,0.3087,5416.6667
"155","boat",323.31,323.31,56.372,91.372,0.5333,0.4522,0.2413,1.0266,6250.0013
"156","boat",71.214,71.214,71.214,96.214,0.0678,0.0503,0.0276,0.0029,2916.6666
"157","boat",94.35,94.35,42.772,66.772,0.1049,0.0451,0.1574,0.4671,4583.332
"158","charter",109.35,109.35,49.572,73.572,0.1049,0.0451,0.0023,0.0046,5416.6667
"159","pier",49.572,49.572,121.014,150.014,0.0678,0.0789,0.1643,0.5391,5416.6667
"160","charter",206.31,206.31,35.972,70.972,0.5333,0.4522,0.2413,1.0266,3749.9999
"161","charter",245.31,245.31,42.772,77.772,0.5333,0.4522,0.0051,1.0266,4583.332
"162","charter",206.31,206.31,35.972,70.972,0.5333,0.4522,0.2413,1.0266,3749.9999
"163","charter",64.35,64.35,167.31,192.31,0.2537,0.1498,0.6817,2.3014,2916.6666
"164","beach",42.772,42.772,104.414,133.414,0.0678,0.0789,0.1643,0.5391,4583.332
"165","charter",323.31,323.31,56.372,91.372,0.5333,0.0069,0.0361,0.4216,6250.0013
"166","beach",15.572,15.572,38.014,67.014,0.0678,0.0789,0.1643,0.5391,1249.9998
"167","boat",71.214,71.214,71.214,96.214,0.0678,0.0503,0.2601,0.5391,2916.6666
"168","boat",104.414,104.414,94.35,123.85,0.0678,0.0503,0.0143,0.0289,4583.332
"169","beach",124.35,124.35,124.35,142.85,0.2537,0.1498,0.2339,0.6288,6250.0013
"170","charter",104.414,104.414,104.414,129.414,0.0678,0.0503,0.2601,0.5391,4583.332
"171","boat",175.748,175.748,175.748,194.248,0.2537,0.1498,0.0233,0.0219,6250.0013
"172","boat",335.34,335.34,72.9,107.9,0.5333,0.0069,0.0361,0.4216,5416.6667
"173","charter",243.34,243.34,52.9,87.9,0.5333,0.4522,0.0156,0.0058,3749.9999
"174","beach",22.372,22.372,54.614,83.614,0.0678,0.0789,0.1643,0.5391,2083.3332
"175","charter",206.31,206.31,35.972,70.972,0.5333,0.0069,0.0361,0.4216,3749.9999
"176","charter",29.172,29.172,64.35,99.35,0.0678,0.0789,0.0897,1.0905,2916.6666
"177","boat",323.31,323.31,56.372,91.372,0.5333,0.4522,0.0051,1.0266,6250.0013
"178","charter",35.972,35.972,79.35,114.35,0.0678,0.0789,0.0559,0.6456,3749.9999
"179","boat",362.31,362.31,63.172,98.172,0.5333,0.4522,0.2413,1.0266,7083.3317
"180","charter",71.214,71.214,64.35,93.85,0.0678,0.0503,0.1082,0.324,2916.6666
"181","beach",49.572,49.572,121.014,150.014,0.0678,0.0789,0.1643,0.5391,5416.6667
"182","charter",151.008,151.008,32.604,67.604,0.5333,0.4522,0.2413,1.0266,2916.6666
"183","charter",186.208,186.208,40.204,75.204,0.5333,0.4522,0.2413,1.0266,3749.9999
"184","boat",92.058,92.058,26.106,61.106,0.5333,0.0069,0.0361,0.4216,1249.9998
"185","boat",37.506,37.506,57.904,86.904,0.0678,0.0789,0.0014,0.0029,2083.3332
"186","charter",132.258,132.258,37.506,72.506,0.5333,0.4522,0.2413,1.0266,2083.3332
"187","charter",252.858,252.858,71.706,106.706,0.5333,0.0069,0.0361,0.4216,4583.332
"188","boat",252.858,252.858,71.706,106.706,0.5333,0.0069,0.0361,0.4216,4583.332
"189","beach",34.914,34.914,34.914,53.414,0.2537,0.1498,0.2339,0.6288,3749.9999
"190","charter",63.004,63.004,92.848,127.848,0.0678,0.0789,0.0102,0.0209,6250.0013
"191","charter",137.648,137.648,93.404,117.404,0.1049,0.0079,0.0613,0.3087,9583.3357
"192","charter",221.408,221.408,47.804,82.804,0.5333,0.4522,0.0051,1.0266,4583.332
"193","boat",206.31,206.31,35.972,70.972,0.5333,0.4522,0.1665,0.3975,3749.9999
"194","pier",21.714,21.714,21.714,40.214,0.2537,0.1498,0.2339,0.6288,2083.3332
"195","charter",10.534,10.534,15.114,50.114,0.0678,0.0789,0.0102,0.0209,1249.9998
"196","charter",206.31,206.31,35.972,70.972,0.5333,0.4522,0.2413,1.0266,3749.9999
"197","charter",252.858,252.858,71.706,106.706,0.5333,0.4522,0.1665,0.3975,4583.332
"198","pier",75.504,75.504,75.504,100.504,0.0678,0.0503,0.2601,0.5391,2916.6666
"199","charter",26.106,26.106,37.098,72.098,0.0678,0.0025,0.0108,0.2377,1249.9998
"200","charter",22.704,22.704,20.898,50.398,0.0678,0.0503,0.0016,0.1176,416.66668
"201","boat",71.706,71.706,101.898,136.898,0.0678,0.0789,0.0559,0.6456,4583.332
"202","beach",117.306,117.306,181.104,210.104,0.0678,0.0789,0.1643,0.5391,7916.6663
"203","charter",453.858,453.858,128.706,163.706,0.5333,0.0069,0.0361,0.4216,8750.001
"204","pier",26.106,26.106,40.304,69.304,0.0678,0.0025,0.0499,0.2421,1249.9998
"205","charter",132.258,132.258,37.506,72.506,0.5333,0.4522,0.2413,1.0266,2083.3332
"206","boat",69.498,69.498,69.498,87.998,0.2537,0.1498,0.2339,0.6288,2916.6666
"207","boat",69.498,69.498,48.906,72.906,0.1049,0.0451,0.0023,0.0046,2916.6666
"208","boat",70.448,70.448,47.804,71.804,0.1049,0.0451,0.1574,0.4671,4583.332
"209","charter",116.64,116.64,116.64,141.64,0.0678,0.0503,0.0276,0.0029,5416.6667
"210","pier",47.804,47.804,100.64,129.64,0.0678,0.0789,0.0014,0.0029,4583.332
"211","charter",80.608,80.608,17.404,52.404,0.5333,0.4522,0.2413,1.0266,1249.9998
"212","charter",115.248,115.248,362.208,387.208,0.2537,0.1498,0.6817,2.3014,7916.6663
"213","charter",291.808,291.808,63.004,98.004,0.5333,0.4522,0.0156,0.0058,6250.0013
"214","pier",32.604,32.604,68.64,97.64,0.0678,0.0789,0.1643,0.5391,2916.6666
"215","charter",36.64,36.64,36.64,61.64,0.0678,0.0052,0.1491,0.2421,1249.9998
"216","charter",39.474,39.474,5.934,40.934,0.5333,0.4522,0.2413,1.0266,416.66668
"217","beach",120.004,120.004,252.64,281.64,0.0678,0.0789,0.1643,0.5391,12499.998
"218","charter",100.674,100.674,15.134,50.134,0.5333,0.4522,0.0156,0.0058,2083.3332
"219","charter",223.074,223.074,33.534,68.534,0.5333,0.4522,0.0156,0.0058,5416.6667
"220","charter",161.874,161.874,24.334,59.334,0.5333,0.4522,0.0156,0.0058,3749.9999
"221","charter",453.858,453.858,128.706,163.706,0.5333,0.4522,0.2413,1.0266,8750.001
"222","charter",252.858,252.858,71.706,106.706,0.5333,0.4522,0.0156,0.0058,4583.332
"223","boat",255.798,255.798,180.006,204.006,0.1049,0.0451,0.1574,0.4671,12499.998
"224","charter",71.706,71.706,110.704,139.704,0.0678,0.0789,0.0971,0.1648,4583.332
"225","boat",92.058,92.058,26.106,61.106,0.5333,0.4522,0.2413,1.0266,1249.9998
"226","charter",81.648,81.648,55.404,79.404,0.1049,0.0451,0.1574,0.4671,5416.6667
"227","pier",47.804,47.804,100.64,129.64,0.0678,0.0789,0.0014,0.0029,4583.332
"228","charter",221.408,221.408,47.804,82.804,0.5333,0.0069,0.0361,0.4216,4583.332
"229","charter",10.534,10.534,15.114,50.114,0.0678,0.0789,0.0102,0.0209,1249.9998
"230","pier",5.922,5.922,5.922,30.922,0.0678,0.0503,0.2601,0.5391,2083.3332
"231","pier",11.322,11.322,11.322,36.322,0.0678,0.0503,0.0276,0.0029,4583.332
"232","pier",6.29,6.29,6.29,35.29,0.0678,0.0789,0.1643,0.5391,4583.332
"233","boat",17.986,17.986,17.986,46.986,0.0678,0.0789,0.0014,0.0029,3749.9999
"234","charter",17.986,17.986,17.986,42.986,0.0678,0.0503,0.023,0.1648,3749.9999
"235","charter",17.986,17.986,17.986,46.986,0.0678,0.0789,0.1643,0.5391,3749.9999
"236","boat",45.186,45.186,45.186,70.186,0.0678,0.0503,0.2601,0.5391,10416.666
"237","beach",21.386,21.386,21.386,46.386,0.0678,0.0052,0.1491,0.2421,4583.332
"238","beach",9.522,9.522,9.522,34.522,0.0678,0.0503,0.2601,0.5391,3749.9999
"239","boat",316.342,316.342,51.842,86.842,0.5333,0.4522,0.2413,1.0266,3749.9999
"240","boat",32.242,32.242,5.922,34.922,0.0678,0.0789,0.0014,0.0029,2083.3332
"241","pier",9.522,9.522,9.522,34.522,0.0678,0.0503,0.0276,0.0029,3749.9999
"242","boat",11.322,11.322,11.322,36.322,0.0678,0.0503,0.0276,0.0029,4583.332
"243","beach",9.522,9.522,9.522,34.522,0.0678,0.0503,0.0276,0.0029,3749.9999
"244","beach",71.442,71.442,13.122,42.122,0.0678,0.0789,0.1643,0.5391,5416.6667
"245","boat",14.58,14.58,14.58,39.58,0.0678,0.0503,0.2601,0.5391,5416.6667
"246","charter",8.58,8.58,8.58,33.58,0.0678,0.0052,0.1491,0.2421,2916.6666
"247","charter",56.61,56.61,12.58,41.58,0.0678,0.0025,0.0499,0.2421,4583.332
"248","charter",18.58,18.58,18.58,43.58,0.0678,0.0503,0.2601,0.5391,7083.3317
"249","pier",8.58,8.58,8.58,33.58,0.0678,0.0503,0.2601,0.5391,2916.6666
"250","boat",359.022,359.022,666.11,691.11,0.2537,0.1498,0.0531,0.0052,8750.001
"251","charter",29.61,29.61,6.58,35.58,0.0678,0.0025,0.0499,0.2421,2083.3332
"252","boat",135.11,135.11,20.61,55.61,0.5333,0.4522,0.2413,1.0266,1249.9998
"253","charter",4.58,4.58,4.58,29.58,0.0678,0.0503,0.023,0.1648,1249.9998
"254","boat",6.58,6.58,6.58,31.58,0.0678,0.0503,0.0031,0.0041,2083.3332
"255","boat",31.586,31.586,31.586,56.586,0.0678,0.0052,0.1491,0.2421,7083.3317
"256","charter",24.786,24.786,24.786,49.786,0.0678,0.0052,0.1491,0.2421,5416.6667
"257","pier",13.818,13.818,13.818,42.818,0.0678,0.0025,0.0499,0.2421,2083.3332
"258","charter",30.618,30.618,30.618,59.618,0.0678,0.0789,0.1643,0.5391,5416.6667
"259","boat",214.5,214.5,4.29,39.29,0.5333,0.4522,0.0051,1.0266,2916.6666
"260","boat",264.5,264.5,5.29,40.29,0.5333,0.4522,0.0156,0.0058,3749.9999
"261","charter",4.29,4.29,4.29,33.29,0.0678,0.0789,0.0971,0.1648,2916.6666
"262","beach",4.122,4.122,4.122,29.122,0.0678,0.0503,0.2601,0.5391,1249.9998
"263","pier",5.922,5.922,5.922,30.922,0.0678,0.0503,0.0276,0.0029,2083.3332
"264","beach",71.442,71.442,13.122,42.122,0.0678,0.0025,0.0499,0.2421,5416.6667
"265","boat",5.922,5.922,5.922,30.922,0.0678,0.0503,0.0276,0.0029,2083.3332
"266","pier",15.87,15.87,15.87,40.87,0.0678,0.0503,0.0276,0.0029,3749.9999
"267","boat",6.45,6.45,3.87,32.87,0.0678,0.0789,0.0014,0.0029,416.66668
"268","boat",12.58,12.58,12.58,37.58,0.0678,0.0503,0.0276,0.0029,4583.332
"269","boat",6.58,6.58,6.58,31.58,0.0678,0.0052,0.1491,0.2421,2083.3332
"270","pier",6.58,6.58,6.58,31.58,0.0678,0.0503,0.2601,0.5391,2083.3332
"271","charter",7.722,7.722,7.722,32.722,0.0678,0.0503,0.0276,0.0029,2916.6666
"272","boat",164.5,164.5,3.29,38.29,0.5333,0.4522,0.1665,0.3975,2083.3332
"273","charter",5.29,5.29,5.29,30.29,0.0678,0.0503,0.0276,0.0029,3749.9999
"274","boat",3.29,3.29,3.29,32.29,0.0678,0.0789,0.0014,0.0029,2083.3332
"275","charter",5.29,5.29,5.29,34.29,0.0678,0.0789,0.0971,0.1648,3749.9999
"276","pier",2.29,2.29,2.29,31.29,0.0678,0.0789,0.0971,0.1648,1249.9998
"277","boat",264.5,264.5,5.29,40.29,0.5333,0.4522,0.0051,1.0266,3749.9999
"278","charter",7.29,7.29,7.29,36.29,0.0678,0.0789,0.0014,0.0029,5416.6667
"279","beach",13.29,13.29,13.29,42.29,0.0678,0.0789,0.1643,0.0041,10416.666
"280","charter",214.5,214.5,4.29,39.29,0.5333,0.4522,0.2413,1.0266,2916.6666
"281","charter",4.29,4.29,4.29,29.29,0.0678,0.0503,0.023,0.1648,2916.6666
"282","charter",166.212,166.212,7.29,31.29,0.1049,0.0079,0.0613,0.3087,5416.6667
"283","charter",6.29,6.29,6.29,35.29,0.0678,0.0789,0.0971,0.1648,4583.332
"284","boat",189.012,189.012,8.29,32.29,0.1049,0.0079,0.0613,0.3087,6250.0013
"285","charter",164.5,164.5,3.29,38.29,0.5333,0.0069,0.0361,0.4216,2083.3332
"286","charter",4.29,4.29,4.29,33.29,0.0678,0.0025,0.0499,0.2421,2916.6666
"287","charter",114.5,114.5,2.29,37.29,0.5333,0.4522,0.2413,1.0266,1249.9998
"288","pier",2.29,2.29,2.29,31.29,0.0678,0.0789,0.1643,0.5391,1249.9998
"289","pier",75.012,75.012,75.012,93.512,0.2537,0.1498,0.0233,0.0219,2083.3332
"290","pier",4.29,4.29,4.29,33.29,0.0678,0.0789,0.1643,0.5391,2916.6666
"291","boat",214.5,214.5,4.29,39.29,0.5333,0.4522,0.0051,1.0266,2916.6666
"292","boat",75.012,75.012,3.29,27.29,0.1049,0.0451,0.1574,0.4671,2083.3332
"293","charter",11.45,11.45,6.87,35.87,0.0678,0.0789,0.0971,0.1648,1249.9998
"294","charter",31.45,31.45,18.87,47.87,0.0678,0.0789,0.1643,0.5391,4583.332
"295","charter",33.87,33.87,33.87,58.87,0.0678,0.0503,0.2601,0.5391,8750.001
"296","boat",843.186,843.186,53.686,88.686,0.5333,0.4522,0.2413,1.0266,12499.998
"297","charter",364.5,364.5,7.29,42.29,0.5333,0.4522,0.0051,1.0266,5416.6667
"298","charter",314.5,314.5,6.29,41.29,0.5333,0.4522,0.2413,1.0266,4583.332
"299","charter",5.29,5.29,5.29,30.29,0.0678,0.0503,0.023,0.1648,3749.9999
"300","boat",264.5,264.5,5.29,40.29,0.5333,0.4522,0.2413,1.0266,3749.9999
"301","charter",7.29,7.29,7.29,36.29,0.0678,0.0789,0.0971,0.1648,5416.6667
"302","boat",97.812,97.812,4.29,28.29,0.1049,0.0451,0.0023,0.0046,2916.6666
"303","pier",3.29,3.29,3.29,28.29,0.0678,0.0503,0.0276,0.0029,2083.3332
"304","beach",8.29,8.29,8.29,33.29,0.0678,0.0503,0.2601,0.5391,6250.0013
"305","charter",10.58,10.58,10.58,35.58,0.0678,0.0503,0.0276,0.0029,3749.9999
"306","beach",11.186,11.186,11.186,36.186,0.0678,0.0503,0.2601,0.5391,2083.3332
"307","beach",38.386,38.386,38.386,63.386,0.0678,0.0503,0.2601,0.5391,8750.001
"308","boat",8.58,8.58,8.58,33.58,0.0678,0.0503,0.0276,0.0029,2916.6666
"309","charter",38.61,38.61,8.58,37.58,0.0678,0.0025,0.0499,0.2421,2916.6666
"310","charter",4.29,4.29,4.29,29.29,0.0678,0.0503,0.2601,0.5391,2916.6666
"311","boat",4.29,4.29,4.29,29.29,0.0678,0.0503,0.0276,0.0029,2916.6666
"312","charter",75.012,75.012,3.29,27.29,0.1049,0.0451,0.0023,0.0046,2083.3332
"313","boat",214.5,214.5,4.29,39.29,0.5333,0.4522,0.0051,1.0266,2916.6666
"314","boat",5.29,5.29,5.29,30.29,0.0678,0.0503,0.0276,0.0029,3749.9999
"315","charter",143.412,143.412,6.29,30.29,0.1049,0.0451,0.1574,0.4671,4583.332
"316","charter",4.29,4.29,4.29,29.29,0.0678,0.0052,0.1491,0.2421,2916.6666
"317","charter",6.29,6.29,6.29,35.29,0.0678,0.0789,0.1643,0.5391,4583.332
"318","boat",6.29,6.29,6.29,31.29,0.0678,0.0503,0.2601,0.5391,4583.332
"319","charter",4.29,4.29,4.29,29.29,0.0678,0.0503,0.0276,0.0029,2916.6666
"320","pier",3.29,3.29,3.29,28.29,0.0678,0.0052,0.1491,0.2421,2083.3332
"321","charter",26.32,26.32,3.29,32.29,0.0678,0.0789,0.1643,0.0041,2083.3332
"322","pier",4.29,4.29,4.29,29.29,0.0678,0.0503,0.2601,0.5391,2916.6666
"323","pier",2.29,2.29,2.29,27.29,0.0678,0.0503,0.2601,0.5391,1249.9998
"324","pier",2.29,2.29,2.29,27.29,0.0678,0.0503,0.2601,0.5391,1249.9998
"325","beach",4.29,4.29,4.29,29.29,0.0678,0.0503,0.2601,0.5391,2916.6666
"326","boat",8.29,8.29,8.29,33.29,0.0678,0.0503,0.2601,0.5391,6250.0013
"327","boat",7.29,7.29,7.29,32.29,0.0678,0.0503,0.2601,0.5391,5416.6667
"328","pier",13.29,13.29,13.29,38.29,0.0678,0.0503,0.2601,0.5391,10416.666
"329","boat",3.29,3.29,3.29,28.29,0.0678,0.0503,0.023,0.1648,2083.3332
"330","boat",6.29,6.29,6.29,31.29,0.0678,0.0052,0.1491,0.2421,4583.332
"331","charter",26.32,26.32,3.29,32.29,0.0678,0.0789,0.0971,0.1648,2083.3332
"332","boat",4.29,4.29,4.29,29.29,0.0678,0.0503,0.0276,0.0029,2916.6666
"333","boat",6.29,6.29,6.29,31.29,0.0678,0.0503,0.0276,0.0029,4583.332
"334","charter",74.61,74.61,16.58,45.58,0.0678,0.0025,0.0499,0.2421,6250.0013
"335","pier",4.29,4.29,4.29,29.29,0.0678,0.0503,0.2601,0.5391,2916.6666
"336","charter",6.29,6.29,6.29,31.29,0.0678,0.0503,0.2601,0.5391,4583.332
"337","beach",2.29,2.29,2.29,27.29,0.0678,0.0503,0.0276,0.0029,1249.9998
"338","pier",5.29,5.29,5.29,30.29,0.0678,0.0503,0.0276,0.0029,3749.9999
"339","boat",3.29,3.29,3.29,28.29,0.0678,0.0503,0.0276,0.0029,2083.3332
"340","boat",2.29,2.29,2.29,27.29,0.0678,0.0503,0.0276,0.0029,1249.9998
"341","boat",34.32,34.32,4.29,33.29,0.0678,0.0789,0.0014,0.0029,2916.6666
"342","charter",6.29,6.29,6.29,31.29,0.0678,0.0503,0.0276,0.0029,4583.332
"343","boat",9.29,9.29,9.29,34.29,0.0678,0.0503,0.2601,0.5391,7083.3317
"344","beach",306.82,306.82,42.32,77.32,0.5333,0.4522,0.2413,1.0266,3749.9999
"345","boat",65.61,65.61,231.822,266.822,0.0678,0.0789,0.0897,1.0905,5416.6667
"346","boat",8.29,8.29,8.29,33.29,0.0678,0.0503,0.0276,0.0029,6250.0013
"347","charter",132.132,132.132,34.32,58.32,0.1049,0.0079,0.0613,0.3087,2916.6666
"348","charter",26.32,26.32,3.29,32.29,0.0678,0.0789,0.0014,0.0029,2083.3332
"349","charter",7.29,7.29,7.29,32.29,0.0678,0.0503,0.2601,0.5391,5416.6667
"350","boat",51.45,51.45,30.87,59.87,0.0678,0.0789,0.1643,0.5391,7916.6663
"351","boat",30.87,30.87,30.87,55.87,0.0678,0.0503,0.2601,0.5391,7916.6663
"352","boat",12.87,12.87,12.87,37.87,0.0678,0.0503,0.0276,0.0029,2916.6666
"353","charter",21.87,21.87,21.87,46.87,0.0678,0.0503,0.023,0.1648,5416.6667
"354","beach",24.786,24.786,24.786,49.786,0.0678,0.0503,0.2601,0.5391,5416.6667
"355","charter",21.386,21.386,21.386,50.386,0.0678,0.0789,0.1643,0.5391,4583.332
"356","charter",455.95,455.95,41.45,76.45,0.5333,0.0069,0.0361,0.4216,6250.0013
"357","boat",12.87,12.87,12.87,37.87,0.0678,0.0503,0.2601,0.5391,2916.6666
"358","charter",119.262,119.262,235.95,260.95,0.2537,0.1498,0.0531,0.0052,2916.6666
"359","boat",15.87,15.87,15.87,40.87,0.0678,0.0503,0.2601,0.5391,3749.9999
"360","boat",24.87,24.87,24.87,49.87,0.0678,0.0503,0.2601,0.5391,6250.0013
"361","charter",46.45,46.45,27.87,56.87,0.0678,0.0789,0.1643,0.0041,7083.3317
"362","beach",4.122,4.122,4.122,29.122,0.0678,0.0503,0.2601,0.5391,1249.9998
"363","pier",4.122,4.122,4.122,29.122,0.0678,0.0503,0.2601,0.5391,1249.9998
"364","boat",130.832,130.832,130.832,155.832,0.0678,0.0503,0.2601,0.5391,4583.332
"365","boat",119.554,119.554,73.002,97.002,0.1049,0.0451,0.0238,0.0468,3749.9999
"366","boat",45.402,45.402,74.354,109.354,0.0678,0.0789,0.0897,1.0905,2083.3332
"367","charter",45.402,45.402,74.354,109.354,0.0678,0.0789,0.0559,0.6456,2083.3332
"368","boat",119.554,119.554,73.002,97.002,0.1049,0.0451,0.1574,0.4671,3749.9999
"369","charter",31.602,31.602,51.754,86.754,0.0678,0.0789,0.0102,0.0209,1249.9998
"370","charter",106.714,106.714,31.602,66.602,0.5333,0.0069,0.0361,0.4216,1249.9998
"371","beach",37.098,37.098,37.098,66.098,0.0678,0.0789,0.1643,0.5391,1249.9998
"372","pier",20.898,20.898,20.898,49.898,0.0678,0.0789,0.1643,0.5391,416.66668
"373","charter",393.66,393.66,154.548,189.548,0.5333,0.4522,0.0156,0.0058,5416.6667
"374","charter",177.66,177.66,69.748,104.748,0.5333,0.0069,0.0361,0.4216,2083.3332
"375","charter",26.832,26.832,26.832,51.832,0.0678,0.0052,0.1491,0.2421,416.66668
"376","charter",110.032,110.032,110.032,135.032,0.0678,0.0503,0.2601,0.5391,3749.9999
"377","boat",151.632,151.632,236.196,271.196,0.0678,0.0789,0.0102,0.0209,5416.6667
"378","boat",511.596,511.596,328.432,352.432,0.1049,0.0451,0.0023,0.0046,12499.998
"379","charter",353.498,353.498,130.832,165.832,0.5333,0.4522,0.2413,1.0266,4583.332
"380","boat",68.432,68.432,106.596,141.596,0.0678,0.0789,0.0559,0.6456,2083.3332
"381","pier",90.948,90.948,90.948,119.948,0.0678,0.0789,0.0014,0.0029,2916.6666
"382","boat",132.99,132.99,90.948,114.948,0.1049,0.0451,0.0023,0.0046,2916.6666
"383","charter",90.948,90.948,132.99,162.49,0.0678,0.0052,0.0732,0.1726,2916.6666
"384","charter",65.016,65.016,26.574,61.574,0.5333,0.4522,0.2413,1.0266,416.66668
"385","charter",216.216,216.216,88.374,123.374,0.5333,0.4522,0.0156,0.0058,2916.6666
"386","boat",319.302,319.302,247.86,271.86,0.1049,0.0079,0.0613,0.3087,5416.6667
"387","boat",295.422,295.422,115.196,139.196,0.1049,0.0451,0.1574,0.4671,7083.3317
"388","pier",150.174,150.174,170.586,199.586,0.0678,0.0789,0.1643,0.5391,5416.6667
"389","charter",367.416,367.416,150.174,185.174,0.5333,0.4522,0.2413,1.0266,5416.6667
"390","charter",170.774,170.774,218.856,253.856,0.0678,0.0025,0.0108,0.2377,6250.0013
"391","charter",88.374,88.374,113.256,148.256,0.0678,0.0789,0.0559,0.6456,2916.6666
"392","beach",47.174,47.174,53.586,82.586,0.0678,0.0789,0.1643,0.5391,1249.9998
"393","pier",129.574,129.574,147.186,176.186,0.0678,0.0789,0.1643,0.5391,4583.332
"394","pier",108.974,108.974,123.786,152.786,0.0678,0.0789,0.1643,0.5391,3749.9999
"395","charter",569.016,569.016,232.574,267.574,0.5333,0.4522,0.2413,1.0266,8750.001
"396","charter",88.374,88.374,100.386,129.386,0.0678,0.0789,0.1643,0.5391,2916.6666
"397","charter",317.016,317.016,129.574,164.574,0.5333,0.4522,0.1665,0.3975,4583.332
"398","charter",106.596,106.596,168.448,193.448,0.2537,0.1498,0.6817,2.3014,2083.3332
"399","charter",140.714,140.714,159.758,188.758,0.0678,0.0025,0.0499,0.2421,3749.9999
"400","boat",171.396,171.396,140.714,164.714,0.1049,0.0451,0.1574,0.4671,3749.9999
"401","boat",171.396,171.396,270.848,295.848,0.2537,0.1498,0.0531,0.0052,3749.9999
"402","charter",107.916,107.916,138.598,173.598,0.0678,0.0789,0.0559,0.6456,3749.9999
"403","boat",115.736,115.736,79.254,103.254,0.1049,0.0451,0.0023,0.0046,4583.332
"404","charter",266.696,266.696,79.254,114.254,0.5333,0.0069,0.0361,0.4216,4583.332
"405","boat",86.658,86.658,37.752,61.752,0.1049,0.0451,0.0023,0.0046,2916.6666
"406","boat",58.05,58.05,11.352,46.352,0.5333,0.0069,0.0361,0.4216,416.66668
"407","boat",86.658,86.658,37.752,61.752,0.1049,0.0451,0.0023,0.0046,2916.6666
"408","charter",85.698,85.698,60.306,84.306,0.1049,0.0451,0.0023,0.0046,3749.9999
"409","charter",212.658,212.658,60.306,95.306,0.5333,0.4522,0.0156,0.0058,3749.9999
"410","charter",212.658,212.658,60.306,95.306,0.5333,0.4522,0.0156,0.0058,3749.9999
"411","charter",69.498,69.498,48.906,72.906,0.1049,0.0451,0.0023,0.0046,2916.6666
"412","beach",85.698,85.698,85.698,104.198,0.2537,0.1498,0.0233,0.0219,3749.9999
"413","boat",53.298,53.298,37.506,61.506,0.1049,0.0451,0.1574,0.4671,2083.3332
"414","boat",172.458,172.458,48.906,83.906,0.5333,0.4522,0.2413,1.0266,2916.6666
"415","charter",212.658,212.658,60.306,95.306,0.5333,0.0069,0.0361,0.4216,3749.9999
"416","pier",224.296,224.296,66.654,101.654,0.5333,0.4522,0.2413,1.0266,3749.9999
"417","pier",34.874,34.874,34.874,63.874,0.0678,0.0789,0.1643,0.5391,2083.3332
"418","charter",360.126,360.126,77.274,112.274,0.5333,0.4522,0.0156,0.0058,5416.6667
"419","charter",34.874,34.874,34.874,59.874,0.0678,0.0503,0.0276,0.0029,2083.3332
"420","charter",261.326,261.326,56.074,91.074,0.5333,0.4522,0.0156,0.0058,3749.9999
"421","charter",66.674,66.674,154.734,189.734,0.0678,0.0789,0.0559,0.6456,4583.332
"422","charter",77.274,77.274,77.274,106.274,0.0678,0.0789,0.0971,0.1648,5416.6667
"423","charter",266.616,266.616,108.974,143.974,0.5333,0.4522,0.2413,1.0266,3749.9999
"424","charter",191.334,191.334,64.35,99.35,0.5333,0.4522,0.2413,1.0266,2916.6666
"425","boat",253.174,253.174,184.35,208.35,0.1049,0.0451,0.0023,0.0046,9583.3357
"426","charter",191.334,191.334,64.35,99.35,0.5333,0.0069,0.0361,0.4216,2916.6666
"427","boat",49.35,49.35,67.774,102.774,0.0678,0.0789,0.0897,1.0905,2083.3332
"428","boat",191.334,191.334,64.35,99.35,0.5333,0.0069,0.0361,0.4216,2916.6666
"429","boat",102.134,102.134,34.35,69.35,0.5333,0.4522,0.0051,1.0266,1249.9998
"430","charter",191.334,191.334,64.35,99.35,0.5333,0.4522,0.1665,0.3975,2916.6666
"431","charter",146.734,146.734,49.35,84.35,0.5333,0.0069,0.0361,0.4216,2083.3332
"432","charter",235.934,235.934,79.35,114.35,0.5333,0.0069,0.0361,0.4216,3749.9999
"433","pier",34.35,34.35,38.014,67.014,0.0678,0.0789,0.1643,0.5391,1249.9998
"434","charter",67.774,67.774,49.35,73.35,0.1049,0.0079,0.0613,0.3087,2083.3332
"435","pier",20.152,20.152,20.152,49.152,0.0678,0.0789,0.1643,0.5391,1249.9998
"436","boat",74.354,74.354,45.402,69.402,0.1049,0.0451,0.0023,0.0046,2083.3332
"437","boat",191.334,191.334,64.35,99.35,0.5333,0.4522,0.2413,1.0266,2916.6666
"438","charter",322.218,322.218,94.77,129.77,0.5333,0.4522,0.1665,0.3975,5416.6667
"439","boat",189.618,189.618,55.77,90.77,0.5333,0.4522,0.2413,1.0266,2916.6666
"440","charter",489.804,489.804,59.682,94.682,0.5333,0.4522,0.2413,1.0266,7916.6663
"441","charter",75.012,75.012,19.082,43.082,0.1049,0.0079,0.0613,0.3087,2083.3332
"442","charter",251.804,251.804,30.682,65.682,0.5333,0.4522,0.2413,1.0266,3749.9999
"443","charter",36.482,36.482,36.482,61.482,0.0678,0.0503,0.2601,0.5391,4583.332
"444","pier",13.282,13.282,13.282,42.282,0.0678,0.0789,0.1643,0.5391,1249.9998
"445","boat",322.048,322.048,167.314,202.314,0.5333,0.4522,0.1665,0.3975,4583.332
"446","beach",74.196,74.196,74.196,92.696,0.2537,0.1498,8e-04,0.0027,1249.9998
"447","charter",578.048,578.048,300.314,335.314,0.5333,0.4522,0.2413,1.0266,8750.001
"448","charter",138.996,138.996,114.114,138.114,0.1049,0.0451,0.1574,0.4671,2916.6666
"449","charter",197.34,197.34,42.9,77.9,0.5333,0.0069,0.0361,0.4216,2916.6666
"450","boat",233.818,233.818,68.77,103.77,0.5333,0.4522,0.0156,0.0058,3749.9999
"451","charter",133.77,133.77,133.77,158.77,0.0678,0.0052,0.1491,0.2421,7916.6663
"452","pier",94.77,94.77,94.77,123.77,0.0678,0.0789,0.1643,0.5391,5416.6667
"453","charter",133.77,133.77,133.77,158.77,0.0678,0.0503,0.0276,0.0029,7916.6663
"454","boat",127.058,127.058,81.77,105.77,0.1049,0.0079,0.0613,0.3087,4583.332
"455","charter",47.174,47.174,34.35,58.35,0.1049,0.0079,0.0613,0.3087,1249.9998
"456","beach",109.35,109.35,121.014,150.014,0.0678,0.0789,0.1643,0.5391,5416.6667
"457","boat",154.214,154.214,154.214,179.214,0.0678,0.0503,0.2601,0.5391,7083.3317
"458","charter",253.174,253.174,184.35,208.35,0.1049,0.0079,0.0613,0.3087,9583.3357
"459","charter",181.896,181.896,54.054,89.054,0.5333,0.4522,0.2413,1.0266,2916.6666
"460","boat",78.936,78.936,54.054,78.054,0.1049,0.0451,0.0023,0.0046,2916.6666
"461","boat",104.454,104.454,127.666,156.666,0.0678,0.0789,0.0014,0.0029,6250.0013
"462","charter",373.05,373.05,72.952,107.952,0.5333,0.4522,0.2413,1.0266,6250.0013
"463","boat",45.474,45.474,45.474,70.474,0.0678,0.0052,0.1491,0.2421,2916.6666
"464","pier",45.474,45.474,45.474,74.474,0.0678,0.0789,0.1643,0.0041,2916.6666
"465","charter",106.858,106.858,68.77,92.77,0.1049,0.0451,0.0023,0.0046,3749.9999
"466","boat",233.818,233.818,68.77,103.77,0.5333,0.0069,0.0361,0.4216,3749.9999
"467","boat",147.258,147.258,94.77,118.77,0.1049,0.0451,0.0023,0.0046,5416.6667
"468","boat",147.258,147.258,94.77,118.77,0.1049,0.0451,0.0238,0.0468,5416.6667
"469","charter",189.618,189.618,55.77,90.77,0.5333,0.4522,0.2413,1.0266,2916.6666
"470","charter",66.458,66.458,42.77,66.77,0.1049,0.0079,0.0613,0.3087,2083.3332
"471","boat",278.018,278.018,81.77,116.77,0.5333,0.4522,0.1665,0.3975,4583.332
"472","charter",233.818,233.818,68.77,103.77,0.5333,0.4522,0.0156,0.0058,3749.9999
"473","charter",66.458,66.458,42.77,66.77,0.1049,0.0451,0.0238,0.0468,2083.3332
"474","charter",278.018,278.018,81.77,116.77,0.5333,0.0069,0.0361,0.4216,4583.332
"475","charter",55.77,55.77,55.77,80.77,0.0678,0.0052,0.1491,0.2421,2916.6666
"476","pier",68.77,68.77,68.77,97.77,0.0678,0.0789,0.1643,0.5391,3749.9999
"477","boat",42.282,42.282,166.212,201.212,0.0678,0.0789,0.0897,1.0905,5416.6667
"478","boat",36.482,36.482,36.482,65.482,0.0678,0.0789,0.1643,0.5391,4583.332
"479","charter",13.282,13.282,13.282,38.282,0.0678,0.0503,0.2601,0.5391,1249.9998
"480","boat",97.812,97.812,24.882,48.882,0.1049,0.0451,0.0023,0.0046,2916.6666
"481","boat",36.482,36.482,36.482,65.482,0.0678,0.0025,0.0499,0.2421,4583.332
"482","charter",13.282,13.282,13.282,38.282,0.0678,0.0503,0.023,0.1648,1249.9998
"483","charter",108.974,108.974,139.656,174.656,0.0678,0.0789,0.0559,0.6456,3749.9999
"484","charter",216.216,216.216,88.374,123.374,0.5333,0.0069,0.0361,0.4216,2916.6666
"485","boat",139.656,139.656,108.974,132.974,0.1049,0.0451,0.1574,0.4671,3749.9999
"486","charter",113.256,113.256,88.374,112.374,0.1049,0.0451,0.0023,0.0046,2916.6666
"487","pier",129.574,129.574,147.186,176.186,0.0678,0.0789,0.1643,0.5391,4583.332
"488","charter",146.734,146.734,49.35,84.35,0.5333,0.0069,0.0361,0.4216,2083.3332
"489","beach",87.814,87.814,87.814,112.814,0.0678,0.0503,0.2601,0.5391,3749.9999
"490","charter",414.334,414.334,139.35,174.35,0.5333,0.4522,0.2413,1.0266,7083.3317
"491","boat",94.35,94.35,104.414,133.414,0.0678,0.0789,0.1643,0.5391,4583.332
"492","beach",66.654,66.654,81.466,110.466,0.0678,0.0789,0.1643,0.5391,3749.9999
"493","charter",41.454,41.454,50.666,79.666,0.0678,0.0789,0.1643,0.5391,2083.3332
"494","boat",351.496,351.496,104.454,139.454,0.5333,0.4522,0.0156,0.0058,6250.0013
"495","pier",41.454,41.454,50.666,79.666,0.0678,0.0025,0.0499,0.2421,2083.3332
"496","pier",91.854,91.854,112.266,141.266,0.0678,0.0789,0.0014,0.0029,5416.6667
"497","charter",115.736,115.736,79.254,103.254,0.1049,0.0079,0.0613,0.3087,4583.332
"498","charter",41.454,41.454,60.536,95.536,0.0678,0.0789,0.0559,0.6456,2083.3332
"499","charter",50.666,50.666,60.536,90.036,0.0678,0.0052,0.0732,0.1726,2083.3332
"500","charter",139.496,139.496,41.454,76.454,0.5333,0.4522,0.0156,0.0058,2083.3332
"501","charter",351.496,351.496,104.454,139.454,0.5333,0.0069,0.0361,0.4216,6250.0013
"502","pier",54.054,54.054,66.066,95.066,0.0678,0.0789,0.1643,0.5391,2916.6666
"503","charter",181.896,181.896,54.054,89.054,0.5333,0.4522,0.2413,1.0266,2916.6666
"504","charter",28.854,28.854,35.266,64.266,0.0678,0.0025,0.0499,0.2421,1249.9998
"505","pier",23.736,23.736,23.736,42.236,0.2537,0.1498,0.0233,0.0219,416.66668
"506","charter",54.696,54.696,16.254,51.254,0.5333,0.4522,0.0156,0.0058,416.66668
"507","boat",28.854,28.854,35.266,64.266,0.0678,0.0789,0.0014,0.0029,1249.9998
"508","charter",56.074,56.074,92.046,127.046,0.0678,0.0789,0.0102,0.0209,3749.9999
"509","charter",260.406,260.406,66.674,101.674,0.5333,0.4522,0.0156,0.0058,4583.332
"510","charter",301.806,301.806,77.274,112.274,0.5333,0.4522,0.1665,0.3975,5416.6667
"511","boat",34.874,34.874,44.086,73.086,0.0678,0.0789,0.0971,0.1648,2083.3332
"512","charter",92.046,92.046,56.074,80.074,0.1049,0.0451,0.0238,0.0468,3749.9999
"513","boat",384.606,384.606,98.474,133.474,0.5333,0.4522,0.2413,1.0266,7083.3317
"514","charter",260.406,260.406,66.674,101.674,0.5333,0.4522,0.0156,0.0058,4583.332
"515","pier",34.874,34.874,44.086,73.086,0.0678,0.0789,0.0014,0.0029,2083.3332
"516","beach",97.686,97.686,97.686,122.686,0.0678,0.0052,0.1491,0.2421,5416.6667
"517","beach",44.086,44.086,44.086,69.086,0.0678,0.0503,0.2601,0.5391,2083.3332
"518","charter",53.406,53.406,13.674,48.674,0.5333,0.4522,0.0156,0.0058,416.66668
"519","charter",74.646,74.646,177.606,202.606,0.2537,0.1498,0.0531,0.0052,2916.6666
"520","pier",144.246,144.246,144.246,162.746,0.2537,0.1498,0.0233,0.0219,6250.0013
"521","charter",92.046,92.046,219.006,244.006,0.2537,0.1498,0.6817,2.3014,3749.9999
"522","pier",136.206,136.206,34.874,69.874,0.5333,0.4522,0.1665,0.3975,2083.3332
"523","boat",144.246,144.246,87.874,111.874,0.1049,0.0451,0.0023,0.0046,6250.0013
"524","beach",56.074,56.074,70.886,99.886,0.0678,0.0789,0.1643,0.5391,3749.9999
"525","charter",167.374,167.374,211.586,240.586,0.0678,0.0789,0.1643,0.5391,12499.998
"526","charter",136.206,136.206,34.874,69.874,0.5333,0.0069,0.0361,0.4216,2083.3332
"527","charter",260.406,260.406,66.674,101.674,0.5333,0.4522,0.2413,1.0266,4583.332
"528","boat",343.206,343.206,87.874,122.874,0.5333,0.4522,0.1665,0.3975,6250.0013
"529","charter",74.646,74.646,177.606,202.606,0.2537,0.1498,0.6817,2.3014,2916.6666
"530","boat",233.818,233.818,68.77,103.77,0.5333,0.4522,0.2413,1.0266,3749.9999
"531","charter",343.206,343.206,87.874,122.874,0.5333,0.4522,0.0051,1.0266,6250.0013
"532","charter",219.006,219.006,56.074,91.074,0.5333,0.4522,0.2413,1.0266,3749.9999
"533","pier",87.874,87.874,111.086,140.086,0.0678,0.0025,0.0499,0.2421,6250.0013
"534","charter",177.606,177.606,45.474,80.474,0.5333,0.4522,0.0156,0.0058,2916.6666
"535","boat",104.048,104.048,70.604,94.604,0.1049,0.0451,0.1574,0.4671,7083.3317
"536","charter",151.008,151.008,32.604,67.604,0.5333,0.4522,0.0156,0.0058,2916.6666
"537","charter",101.004,101.004,212.64,241.64,0.0678,0.0789,0.0971,0.1648,10416.666
"538","charter",115.808,115.808,25.004,60.004,0.5333,0.4522,0.2413,1.0266,2083.3332
"539","charter",386.464,386.464,42.734,77.734,0.5333,0.4522,0.2413,1.0266,7083.3317
"540","boat",428.064,428.064,47.334,82.334,0.5333,0.0069,0.0361,0.4216,7916.6663
"541","charter",72.072,72.072,19.734,43.734,0.1049,0.0451,0.0023,0.0046,2916.6666
"542","charter",88.872,88.872,24.334,48.334,0.1049,0.0079,0.0613,0.3087,3749.9999
"543","boat",305.072,305.072,19.896,54.896,0.5333,0.0069,0.0361,0.4216,6250.0013
"544","boat",305.072,305.072,19.896,54.896,0.5333,0.0069,0.0361,0.4216,6250.0013
"545","boat",54.912,54.912,10.296,34.296,0.1049,0.0079,0.0613,0.3087,2916.6666
"546","boat",157.872,157.872,10.296,45.296,0.5333,0.0069,0.0361,0.4216,2916.6666
"547","boat",268.272,268.272,17.496,52.496,0.5333,0.4522,0.2413,1.0266,5416.6667
"548","charter",84.272,84.272,5.496,40.496,0.5333,0.4522,0.2413,1.0266,1249.9998
"549","pier",10.534,10.534,13.74,42.74,0.0678,0.0789,0.1643,0.5391,1249.9998
"550","pier",24.334,24.334,31.74,60.74,0.0678,0.0025,0.0499,0.2421,3749.9999
"551","beach",15.134,15.134,19.74,48.74,0.0678,0.0789,0.1643,0.5391,2083.3332
"552","boat",88.872,88.872,24.334,48.334,0.1049,0.0451,0.0023,0.0046,3749.9999
"553","pier",38.134,38.134,49.74,78.74,0.0678,0.0025,0.0499,0.2421,6250.0013
"554","boat",88.872,88.872,24.334,48.334,0.1049,0.0451,0.1574,0.4671,3749.9999
"555","charter",72.072,72.072,19.734,43.734,0.1049,0.0451,0.0023,0.0046,2916.6666
"556","charter",157.872,157.872,10.296,45.296,0.5333,0.4522,0.0156,0.0058,2916.6666
"557","boat",581.072,581.072,37.896,72.896,0.5333,0.4522,0.2413,1.0266,12499.998
"558","charter",341.872,341.872,22.296,57.296,0.5333,0.0069,0.0361,0.4216,7083.3317
"559","charter",268.272,268.272,17.496,52.496,0.5333,0.4522,0.0156,0.0058,5416.6667
"560","charter",341.872,341.872,22.296,57.296,0.5333,0.4522,0.1665,0.3975,7083.3317
"561","beach",17.496,17.496,78.732,107.732,0.0678,0.0789,0.0014,0.0029,5416.6667
"562","charter",194.672,194.672,12.696,47.696,0.5333,0.4522,0.0051,1.0266,3749.9999
"563","boat",67.712,67.712,12.696,36.696,0.1049,0.0451,2e-04,0.0021,3749.9999
"564","boat",67.712,67.712,12.696,36.696,0.1049,0.0079,0.0613,0.3087,3749.9999
"565","boat",42.112,42.112,7.896,31.896,0.1049,0.0451,0.0023,0.0046,2083.3332
"566","boat",157.872,157.872,10.296,45.296,0.5333,0.4522,0.2413,1.0266,2916.6666
"567","pier",12.696,12.696,57.132,86.132,0.0678,0.0789,0.1643,0.5391,3749.9999
"568","beach",89.532,89.532,89.532,114.532,0.0678,0.0503,0.023,0.1648,6250.0013
"569","boat",46.332,46.332,46.332,71.332,0.0678,0.0052,0.1491,0.2421,2916.6666
"570","boat",106.112,106.112,19.896,43.896,0.1049,0.0451,0.0023,0.0046,6250.0013
"571","pier",22.296,22.296,100.332,129.332,0.0678,0.0789,0.1643,0.5391,7083.3317
"572","charter",121.072,121.072,7.896,42.896,0.5333,0.4522,0.2413,1.0266,2083.3332
"573","charter",121.072,121.072,7.896,42.896,0.5333,0.4522,0.1665,0.3975,2083.3332
"574","boat",93.312,93.312,17.496,41.496,0.1049,0.0451,0.1574,0.4671,5416.6667
"575","boat",54.912,54.912,10.296,34.296,0.1049,0.0451,0.0023,0.0046,2916.6666
"576","boat",80.512,80.512,15.096,39.096,0.1049,0.0079,0.0613,0.3087,4583.332
"577","boat",67.712,67.712,12.696,36.696,0.1049,0.0451,0.0023,0.0046,3749.9999
"578","charter",54.912,54.912,10.296,34.296,0.1049,0.0079,0.0613,0.3087,2916.6666
"579","boat",415.472,415.472,27.096,62.096,0.5333,0.4522,0.0156,0.0058,8750.001
"580","charter",95.264,95.264,10.534,45.534,0.5333,0.0069,0.0361,0.4216,1249.9998
"581","beach",37.896,37.896,170.532,199.532,0.0678,0.0789,0.0014,0.0029,12499.998
"582","charter",121.072,121.072,7.896,42.896,0.5333,0.0069,0.0361,0.4216,2083.3332
"583","charter",54.912,54.912,10.296,34.296,0.1049,0.0451,0.0023,0.0046,2916.6666
"584","charter",268.272,268.272,17.496,52.496,0.5333,0.0069,0.0361,0.4216,5416.6667
"585","boat",157.872,157.872,10.296,45.296,0.5333,0.4522,0.0051,1.0266,2916.6666
"586","boat",157.872,157.872,10.296,45.296,0.5333,0.4522,0.0156,0.0058,2916.6666
"587","boat",80.512,80.512,15.096,39.096,0.1049,0.0451,0.1574,0.4671,4583.332
"588","beach",10.296,10.296,46.332,75.332,0.0678,0.0789,0.1643,0.5391,2916.6666
"589","charter",106.112,106.112,305.072,330.072,0.2537,0.1498,0.0531,0.0052,6250.0013
"590","charter",157.872,157.872,10.296,45.296,0.5333,0.4522,0.1665,0.3975,2916.6666
"591","boat",89.532,89.532,106.112,135.612,0.0678,0.0503,0.0143,0.0289,6250.0013
"592","boat",54.912,54.912,10.296,34.296,0.1049,0.0451,0.0023,0.0046,2916.6666
"593","boat",231.472,231.472,15.096,50.096,0.5333,0.4522,0.0156,0.0058,4583.332
"594","boat",268.272,268.272,17.496,52.496,0.5333,0.0069,0.0361,0.4216,5416.6667
"595","charter",157.312,157.312,29.496,53.496,0.1049,0.0451,0.0023,0.0046,9583.3357
"596","charter",121.072,121.072,7.896,42.896,0.5333,0.0069,0.0361,0.4216,2083.3332
"597","charter",231.472,231.472,15.096,50.096,0.5333,0.0069,0.0361,0.4216,4583.332
"598","boat",341.872,341.872,22.296,57.296,0.5333,0.0069,0.0361,0.4216,7083.3317
"599","boat",80.512,80.512,15.096,39.096,0.1049,0.0451,0.1574,0.4671,4583.332
"600","charter",344.864,344.864,38.134,73.134,0.5333,0.4522,0.2413,1.0266,6250.0013
"601","charter",220.064,220.064,24.334,59.334,0.5333,0.4522,0.0156,0.0058,3749.9999
"602","charter",122.472,122.472,33.534,57.534,0.1049,0.0079,0.0613,0.3087,5416.6667
"603","charter",72.072,72.072,19.734,43.734,0.1049,0.0451,0.0023,0.0046,2916.6666
"604","beach",5.934,5.934,7.74,36.74,0.0678,0.0789,0.0014,0.0029,416.66668
"605","charter",136.864,136.864,15.134,50.134,0.5333,0.4522,0.0156,0.0058,2083.3332
"606","charter",136.864,136.864,15.134,50.134,0.5333,0.4522,0.0156,0.0058,2083.3332
"607","boat",136.864,136.864,15.134,50.134,0.5333,0.4522,0.2413,1.0266,2083.3332
"608","charter",95.264,95.264,10.534,45.534,0.5333,0.0069,0.0361,0.4216,1249.9998
"609","boat",223.272,223.272,61.134,85.134,0.1049,0.0079,0.0613,0.3087,10416.666
"610","boat",386.464,386.464,42.734,77.734,0.5333,0.0069,0.0361,0.4216,7083.3317
"611","charter",303.264,303.264,33.534,68.534,0.5333,0.4522,0.2413,1.0266,5416.6667
"612","beach",24.334,24.334,31.74,60.74,0.0678,0.0789,0.1643,0.5391,3749.9999
"613","charter",72.072,72.072,19.734,43.734,0.1049,0.0079,0.0613,0.3087,2916.6666
"614","boat",265.272,265.272,72.634,96.634,0.1049,0.0079,0.0613,0.3087,12499.998
"615","boat",178.464,178.464,19.734,54.734,0.5333,0.4522,0.2413,1.0266,2916.6666
"616","charter",54.912,54.912,10.296,34.296,0.1049,0.0451,0.1574,0.4671,2916.6666
"617","pier",22.296,22.296,100.332,129.332,0.0678,0.0789,0.1643,0.5391,7083.3317
"618","boat",581.072,581.072,37.896,72.896,0.5333,0.4522,0.2413,1.0266,12499.998
"619","boat",67.712,67.712,12.696,36.696,0.1049,0.0451,0.1574,0.4671,3749.9999
"620","boat",93.312,93.312,17.496,41.496,0.1049,0.0451,0.0238,0.0468,5416.6667
"621","beach",93.312,93.312,93.312,111.812,0.2537,0.1498,0.0233,0.0219,5416.6667
"622","charter",220.064,220.064,24.334,59.334,0.5333,0.4522,0.0156,0.0058,3749.9999
"623","charter",178.464,178.464,19.734,54.734,0.5333,0.4522,0.2413,1.0266,2916.6666
"624","boat",265.272,265.272,72.634,96.634,0.1049,0.0451,0.1574,0.4671,12499.998
"625","pier",56.534,56.534,73.74,102.74,0.0678,0.0789,0.1643,0.5391,9583.3357
"626","charter",122.472,122.472,33.534,57.534,0.1049,0.0451,0.0238,0.0468,5416.6667
"627","beach",15.134,15.134,19.74,48.74,0.0678,0.0789,0.1643,0.5391,2083.3332
"628","boat",261.664,261.664,28.934,63.934,0.5333,0.0069,0.0361,0.4216,4583.332
"629","beach",42.734,42.734,55.74,84.74,0.0678,0.0789,0.1643,0.5391,7083.3317
"630","boat",189.672,189.672,51.934,75.934,0.1049,0.0451,0.0023,0.0046,8750.001
"631","boat",344.864,344.864,38.134,73.134,0.5333,0.4522,0.2413,1.0266,6250.0013
"632","boat",54.912,54.912,10.296,34.296,0.1049,0.0451,0.0023,0.0046,2916.6666
"633","boat",157.872,157.872,10.296,45.296,0.5333,0.0069,0.0361,0.4216,2916.6666
"634","charter",415.472,415.472,27.096,62.096,0.5333,0.0069,0.0361,0.4216,8750.001
"635","boat",581.072,581.072,37.896,72.896,0.5333,0.4522,0.0156,0.0058,12499.998
"636","charter",378.672,378.672,24.696,59.696,0.5333,0.4522,0.1665,0.3975,7916.6663
"637","boat",19.896,19.896,106.112,141.112,0.0678,0.0025,0.0108,0.2377,6250.0013
"638","charter",67.712,67.712,12.696,36.696,0.1049,0.0451,0.0238,0.0468,3749.9999
"639","pier",17.496,17.496,78.732,107.732,0.0678,0.0025,0.0499,0.2421,5416.6667
"640","boat",452.272,452.272,29.496,64.496,0.5333,0.4522,0.2413,1.0266,9583.3357
"641","charter",93.312,93.312,17.496,41.496,0.1049,0.0079,0.0613,0.3087,5416.6667
"642","pier",12.696,12.696,57.132,86.132,0.0678,0.0789,0.1643,0.5391,3749.9999
"643","boat",202.112,202.112,37.896,61.896,0.1049,0.0451,0.0023,0.0046,12499.998
"644","charter",489.072,489.072,31.896,66.896,0.5333,0.4522,0.2413,1.0266,10416.666
"645","boat",54.912,54.912,10.296,34.296,0.1049,0.0079,0.0613,0.3087,2916.6666
"646","pier",5.496,5.496,24.732,53.732,0.0678,0.0025,0.0499,0.2421,1249.9998
"647","charter",10.296,10.296,54.912,89.912,0.0678,0.0789,0.0897,1.0905,2916.6666
"648","boat",12.696,12.696,67.712,102.712,0.0678,0.0789,0.0102,0.0209,3749.9999
"649","charter",231.472,231.472,15.096,50.096,0.5333,0.0069,0.0361,0.4216,4583.332
"650","beach",10.296,10.296,46.332,75.332,0.0678,0.0789,0.1643,0.5391,2916.6666
"651","boat",42.112,42.112,7.896,31.896,0.1049,0.0451,0.1574,0.4671,2083.3332
"652","charter",231.472,231.472,15.096,50.096,0.5333,0.4522,0.1665,0.3975,4583.332
"653","charter",121.072,121.072,7.896,42.896,0.5333,0.0069,0.0361,0.4216,2083.3332
"654","boat",231.472,231.472,15.096,50.096,0.5333,0.4522,0.0156,0.0058,4583.332
"655","pier",10.296,10.296,46.332,75.332,0.0678,0.0789,0.1643,0.5391,2916.6666
"656","beach",5.496,5.496,24.732,53.732,0.0678,0.0789,0.1643,0.5391,1249.9998
"657","boat",202.112,202.112,37.896,61.896,0.1049,0.0451,0.0238,0.0468,12499.998
"658","pier",78.732,78.732,78.732,103.732,0.0678,0.0503,0.2601,0.5391,5416.6667
"659","boat",268.272,268.272,17.496,52.496,0.5333,0.4522,0.2413,1.0266,5416.6667
"660","beach",9.87,9.87,32.9,51.4,0.2537,0.1498,0.2339,0.6288,2083.3332
"661","pier",36.87,36.87,122.9,141.4,0.2537,0.1498,0.2339,0.6288,9583.3357
"662","charter",276.432,276.432,212.64,247.64,0.5333,0.0069,0.0361,0.4216,10416.666
"663","charter",100.016,100.016,9.87,39.37,0.0678,0.0052,0.0732,0.1726,2083.3332
"664","charter",193.232,193.232,148.64,183.64,0.5333,0.4522,0.2413,1.0266,7083.3317
"665","boat",52.64,52.64,9.87,44.87,0.0678,0.0789,0.0102,0.0209,2083.3332
"666","boat",191.216,191.216,18.87,48.37,0.0678,0.0503,0.0143,0.0289,4583.332
"667","beach",47.37,47.37,157.9,176.4,0.2537,0.1498,0.0233,0.0219,12499.998
"668","charter",68.64,68.64,12.87,47.87,0.0678,0.0789,0.0897,1.0905,2916.6666
"669","boat",252.64,252.64,47.37,82.37,0.0678,0.0789,0.0102,0.0209,12499.998
"670","boat",191.216,191.216,18.87,48.37,0.0678,0.0503,0.0143,0.0289,4583.332
"671","boat",68.64,68.64,12.87,47.87,0.0678,0.0025,0.0108,0.2377,2916.6666
"672","boat",160.816,160.816,15.87,45.37,0.0678,0.0503,0.0143,0.0289,3749.9999
"673","boat",148.64,148.64,27.87,62.87,0.0678,0.0789,0.0559,0.6456,7083.3317
"674","boat",84.64,84.64,15.87,50.87,0.0678,0.0789,0.0102,0.0209,3749.9999
"675","charter",180.64,180.64,33.87,68.87,0.0678,0.0789,0.0102,0.0209,8750.001
"676","beach",9.87,9.87,32.9,51.4,0.2537,0.1498,0.2339,0.6288,2083.3332
"677","charter",100.64,100.64,18.87,53.87,0.0678,0.0789,0.0897,1.0905,4583.332
"678","boat",148.64,148.64,27.87,62.87,0.0678,0.0789,0.0102,0.0209,7083.3317
"679","boat",148.64,148.64,27.87,62.87,0.0678,0.0789,0.0102,0.0209,7083.3317
"680","boat",191.216,191.216,18.87,48.37,0.0678,0.0503,0.0143,0.0289,4583.332
"681","charter",68.64,68.64,12.87,47.87,0.0678,0.0025,0.0108,0.2377,2916.6666
"682","boat",100.64,100.64,18.87,53.87,0.0678,0.0789,0.0102,0.0209,4583.332
"683","boat",191.216,191.216,18.87,48.37,0.0678,0.0503,0.0143,0.0289,4583.332
"684","charter",132.64,132.64,24.87,59.87,0.0678,0.0789,0.0897,1.0905,6250.0013
"685","charter",36.64,36.64,6.87,41.87,0.0678,0.0789,0.0559,0.6456,1249.9998
"686","charter",52.64,52.64,9.87,44.87,0.0678,0.0789,0.0102,0.0209,2083.3332
"687","beach",12.87,12.87,42.9,61.4,0.2537,0.1498,0.2339,0.6288,2916.6666
"688","pier",47.37,47.37,157.9,176.4,0.2537,0.1498,0.2339,0.6288,12499.998
"689","beach",27.87,27.87,92.9,111.4,0.2537,0.1498,0.2339,0.6288,7083.3317
"690","pier",18.87,18.87,62.9,81.4,0.2537,0.1498,0.2339,0.6288,4583.332
"691","charter",160.816,160.816,15.87,45.37,0.0678,0.0503,0.0016,0.1176,3749.9999
"692","charter",164.64,164.64,30.87,65.87,0.0678,0.0789,0.0897,1.0905,7916.6663
"693","boat",191.216,191.216,18.87,48.37,0.0678,0.0503,0.0143,0.0289,4583.332
"694","boat",84.64,84.64,15.87,50.87,0.0678,0.0789,0.0102,0.0209,3749.9999
"695","charter",24.87,24.87,172.432,197.432,0.2537,0.1498,0.6817,2.3014,6250.0013
"696","beach",12.87,12.87,42.9,61.4,0.2537,0.1498,0.0082,0.0044,2916.6666
"697","boat",116.64,116.64,21.87,56.87,0.0678,0.0789,0.0897,1.0905,5416.6667
"698","pier",33.87,33.87,112.9,131.4,0.2537,0.1498,0.2339,0.6288,8750.001
"699","boat",252.016,252.016,24.87,54.37,0.0678,0.0503,0.0016,0.1176,6250.0013
"700","boat",252.016,252.016,24.87,54.37,0.0678,0.0503,0.0143,0.0289,6250.0013
"701","pier",24.87,24.87,82.9,101.4,0.2537,0.1498,0.2339,0.6288,6250.0013
"702","boat",100.64,100.64,18.87,53.87,0.0678,0.0789,0.0559,0.6456,4583.332
"703","charter",100.64,100.64,18.87,53.87,0.0678,0.0789,0.0559,0.6456,4583.332
"704","boat",100.64,100.64,18.87,53.87,0.0678,0.0789,0.0559,0.6456,4583.332
"705","pier",6.87,6.87,22.9,41.4,0.2537,0.1498,0.0233,0.0219,1249.9998
"706","pier",15.87,15.87,68.77,87.27,0.2537,0.1498,0.0233,0.0219,3749.9999
"707","boat",221.408,221.408,18.87,48.37,0.0678,0.0503,0.0143,0.0289,4583.332
"708","beach",27.87,27.87,120.77,139.27,0.2537,0.1498,0.0233,0.0219,7083.3317
"709","beach",9.87,9.87,42.77,61.27,0.2537,0.1498,0.0233,0.0219,2083.3332
"710","pier",9.87,9.87,42.77,61.27,0.2537,0.1498,0.2339,0.6288,2083.3332
"711","pier",15.87,15.87,68.77,87.27,0.2537,0.1498,0.0233,0.0219,3749.9999
"712","beach",18.87,18.87,81.77,100.27,0.2537,0.1498,0.2339,0.6288,4583.332
"713","charter",116.64,116.64,21.87,56.87,0.0678,0.0789,0.0102,0.0209,5416.6667
"714","beach",21.87,21.87,72.9,91.4,0.2537,0.1498,0.2339,0.6288,5416.6667
"715","pier",12.87,12.87,42.9,61.4,0.2537,0.1498,0.2339,0.6288,2916.6666
"716","pier",12.87,12.87,42.9,61.4,0.2537,0.1498,0.0233,0.0219,2916.6666
"717","charter",116.64,116.64,21.87,56.87,0.0678,0.0789,0.0897,1.0905,5416.6667
"718","charter",84.64,84.64,15.87,50.87,0.0678,0.0025,0.0108,0.2377,3749.9999
"719","charter",132.64,132.64,24.87,59.87,0.0678,0.0789,0.0897,1.0905,6250.0013
"720","charter",52.64,52.64,9.87,44.87,0.0678,0.0789,0.0559,0.6456,2083.3332
"721","boat",9.87,9.87,32.9,51.4,0.2537,0.1498,0.2339,0.6288,2083.3332
"722","charter",148.64,148.64,27.87,62.87,0.0678,0.0789,0.0102,0.0209,7083.3317
"723","boat",180.64,180.64,33.87,68.87,0.0678,0.0789,0.0559,0.6456,8750.001
"724","charter",130.416,130.416,12.87,42.37,0.0678,0.0503,0.0016,0.1176,2916.6666
"725","boat",221.616,221.616,21.87,51.37,0.0678,0.0503,0.0143,0.0289,5416.6667
"726","pier",36.87,36.87,122.9,141.4,0.2537,0.1498,0.2339,0.6288,9583.3357
"727","boat",191.216,191.216,18.87,48.37,0.0678,0.0052,0.0732,0.1726,4583.332
"728","charter",68.64,68.64,12.87,47.87,0.0678,0.0789,0.0102,0.0209,2916.6666
"729","pier",30.87,30.87,102.9,121.4,0.2537,0.1498,0.2339,0.6288,7916.6663
"730","boat",282.416,282.416,27.87,57.37,0.0678,0.0503,0.0143,0.0289,7083.3317
"731","boat",116.64,116.64,21.87,56.87,0.0678,0.0789,0.0559,0.6456,5416.6667
"732","boat",84.64,84.64,15.87,50.87,0.0678,0.0789,0.0897,1.0905,3749.9999
"733","charter",116.64,116.64,21.87,56.87,0.0678,0.0789,0.0897,1.0905,5416.6667
"734","boat",148.64,148.64,27.87,62.87,0.0678,0.0789,0.0559,0.6456,7083.3317
"735","pier",18.87,18.87,62.9,81.4,0.2537,0.1498,0.0233,0.0219,4583.332
"736","charter",84.64,84.64,15.87,50.87,0.0678,0.0789,0.0897,1.0905,3749.9999
"737","boat",100.64,100.64,18.87,53.87,0.0678,0.0025,0.0108,0.2377,4583.332
"738","boat",84.64,84.64,15.87,50.87,0.0678,0.0789,0.0897,1.0905,3749.9999
"739","charter",6.87,6.87,47.632,72.632,0.2537,0.1498,0.6817,2.3014,1249.9998
"740","charter",84.64,84.64,15.87,50.87,0.0678,0.0789,0.0897,1.0905,3749.9999
"741","charter",68.64,68.64,12.87,47.87,0.0678,0.0789,0.0102,0.0209,2916.6666
"742","charter",84.64,84.64,15.87,50.87,0.0678,0.0789,0.0102,0.0209,3749.9999
"743","beach",18.87,18.87,62.9,81.4,0.2537,0.1498,0.2339,0.6288,4583.332
"744","charter",160.816,160.816,15.87,45.37,0.0678,0.0052,0.0732,0.1726,3749.9999
"745","pier",15.87,15.87,52.9,71.4,0.2537,0.1498,0.0233,0.0219,3749.9999
"746","boat",100.016,100.016,9.87,39.37,0.0678,0.0503,0.0143,0.0289,2083.3332
"747","pier",9.87,9.87,32.9,51.4,0.2537,0.1498,0.0233,0.0219,2083.3332
"748","pier",9.87,9.87,32.9,51.4,0.2537,0.1498,0.2339,0.6288,2083.3332
"749","boat",84.64,84.64,15.87,50.87,0.0678,0.0789,0.0897,1.0905,3749.9999
"750","pier",12.87,12.87,42.9,61.4,0.2537,0.1498,0.2339,0.6288,2916.6666
"751","charter",52.64,52.64,9.87,44.87,0.0678,0.0789,0.0559,0.6456,2083.3332
"752","pier",12.87,12.87,42.9,61.4,0.2537,0.1498,0.0233,0.0219,2916.6666
"753","boat",180.64,180.64,33.87,68.87,0.0678,0.0789,0.0102,0.0209,8750.001
"754","charter",36.64,36.64,6.87,41.87,0.0678,0.0789,0.0559,0.6456,1249.9998
"755","boat",52.64,52.64,9.87,44.87,0.0678,0.0789,0.0897,1.0905,2083.3332
"756","boat",84.64,84.64,15.87,50.87,0.0678,0.0789,0.0102,0.0209,3749.9999
"757","beach",9.87,9.87,32.9,51.4,0.2537,0.1498,0.2339,0.6288,2083.3332
"758","boat",148.64,148.64,27.87,62.87,0.0678,0.0789,0.0102,0.0209,7083.3317
"759","charter",52.64,52.64,9.87,44.87,0.0678,0.0789,0.0102,0.0209,2083.3332
"760","beach",15.87,15.87,52.9,71.4,0.2537,0.1498,0.2339,0.6288,3749.9999
"761","boat",228.64,228.64,42.87,77.87,0.0678,0.0789,0.0102,0.0209,11250.001
"762","charter",68.64,68.64,12.87,47.87,0.0678,0.0789,0.0559,0.6456,2916.6666
"763","charter",52.64,52.64,9.87,44.87,0.0678,0.0789,0.0559,0.6456,2083.3332
"764","boat",160.816,160.816,15.87,45.37,0.0678,0.0503,0.0143,0.0289,3749.9999
"765","boat",116.64,116.64,21.87,56.87,0.0678,0.0789,0.0102,0.0209,5416.6667
"766","charter",84.64,84.64,15.87,50.87,0.0678,0.0789,0.0897,1.0905,3749.9999
"767","pier",12.87,12.87,42.9,61.4,0.2537,0.1498,0.0233,0.0219,2916.6666
"768","boat",221.616,221.616,21.87,51.37,0.0678,0.0503,0.1082,0.324,5416.6667
"769","charter",68.64,68.64,12.87,47.87,0.0678,0.0025,0.0108,0.2377,2916.6666
"770","beach",9.87,9.87,32.9,51.4,0.2537,0.1498,0.2339,0.6288,2083.3332
"771","pier",12.87,12.87,42.9,61.4,0.2537,0.1498,0.0233,0.0219,2916.6666
"772","pier",3.87,3.87,12.9,31.4,0.2537,0.1498,0.2339,0.6288,416.66668
"773","charter",116.64,116.64,21.87,56.87,0.0678,0.0789,0.0102,0.0209,5416.6667
"774","charter",84.64,84.64,15.87,50.87,0.0678,0.0789,0.0559,0.6456,3749.9999
"775","beach",9.87,9.87,32.9,51.4,0.2537,0.1498,0.0233,0.0219,2083.3332
"776","pier",9.87,9.87,32.9,51.4,0.2537,0.1498,0.0233,0.0219,2083.3332
"777","charter",43.74,43.74,52.488,70.988,0.2537,0.1498,0.2339,0.6288,5416.6667
"778","charter",107.77,107.77,49.74,84.74,0.0678,0.0789,0.0559,0.6456,6250.0013
"779","boat",78.302,78.302,42.77,77.77,0.5333,0.0069,0.0361,0.4216,2083.3332
"780","charter",120.77,120.77,55.74,90.74,0.0678,0.0789,0.0897,1.0905,7083.3317
"781","charter",94.77,94.77,43.74,78.74,0.0678,0.0025,0.0108,0.2377,5416.6667
"782","charter",81.77,81.77,37.74,72.74,0.0678,0.0789,0.0559,0.6456,4583.332
"783","charter",134.366,134.366,31.74,61.24,0.0678,0.0503,0.1082,0.324,3749.9999
"784","charter",55.77,55.77,25.74,60.74,0.0678,0.0789,0.0102,0.0209,2916.6666
"785","boat",94.77,94.77,43.74,78.74,0.0678,0.0789,0.0897,1.0905,5416.6667
"786","pier",43.74,43.74,52.488,70.988,0.2537,0.1498,0.2339,0.6288,5416.6667
"787","boat",94.77,94.77,43.74,78.74,0.0678,0.0789,0.0559,0.6456,5416.6667
"788","charter",81.77,81.77,37.74,72.74,0.0678,0.0789,0.0102,0.0209,4583.332
"789","charter",107.77,107.77,49.74,84.74,0.0678,0.0789,0.0559,0.6456,6250.0013
"790","charter",108.966,108.966,25.74,55.24,0.0678,0.0503,0.0143,0.0289,2916.6666
"791","pier",25.74,25.74,30.888,49.388,0.2537,0.1498,0.0082,0.0044,2916.6666
"792","boat",108.966,108.966,25.74,55.24,0.0678,0.0052,0.0732,0.1726,2916.6666
"793","charter",94.77,94.77,43.74,78.74,0.0678,0.0789,0.0102,0.0209,5416.6667
"794","beach",125.902,125.902,68.77,103.77,0.5333,0.4522,0.2413,1.0266,3749.9999
"795","charter",68.77,68.77,31.74,66.74,0.0678,0.0789,0.0897,1.0905,3749.9999
"796","boat",159.766,159.766,37.74,67.24,0.0678,0.0503,0.0143,0.0289,4583.332
"797","charter",81.77,81.77,37.74,72.74,0.0678,0.0025,0.0108,0.2377,4583.332
"798","boat",68.77,68.77,31.74,66.74,0.0678,0.0025,0.0108,0.2377,3749.9999
"799","charter",107.77,107.77,49.74,84.74,0.0678,0.0789,0.0559,0.6456,6250.0013
"800","boat",94.77,94.77,43.74,78.74,0.0678,0.0025,0.0108,0.2377,5416.6667
"801","boat",29.77,29.77,13.74,48.74,0.0678,0.0789,0.0559,0.6456,1249.9998
"802","boat",108.966,108.966,25.74,55.24,0.0678,0.0503,0.0143,0.0289,2916.6666
"803","boat",42.594,42.594,6.87,41.87,0.0678,0.0789,0.0102,0.0209,1249.9998
"804","charter",79.794,79.794,12.87,47.87,0.0678,0.0789,0.0559,0.6456,2916.6666
"805","boat",115.808,115.808,9.87,39.37,0.0678,0.0503,0.0143,0.0289,2083.3332
"806","boat",154.194,154.194,24.87,59.87,0.0678,0.0789,0.0897,1.0905,6250.0013
"807","charter",42.594,42.594,6.87,41.87,0.0678,0.0789,0.0559,0.6456,1249.9998
"808","beach",24.87,24.87,107.77,126.27,0.2537,0.1498,0.0082,0.0044,6250.0013
"809","charter",186.208,186.208,15.87,45.37,0.0678,0.0052,0.0732,0.1726,3749.9999
"810","charter",61.194,61.194,9.87,44.87,0.0678,0.0789,0.0559,0.6456,2083.3332
"811","pier",12.87,12.87,55.77,74.27,0.2537,0.1498,0.2339,0.6288,2916.6666
"812","charter",79.794,79.794,12.87,47.87,0.0678,0.0789,0.0559,0.6456,2916.6666
"813","beach",27.87,27.87,120.77,139.27,0.2537,0.1498,0.2339,0.6288,7083.3317
"814","charter",79.794,79.794,12.87,47.87,0.0678,0.0789,0.0897,1.0905,2916.6666
"815","boat",555.808,555.808,47.37,76.87,0.0678,0.0503,0.0143,0.0289,12499.998
"816","boat",80.608,80.608,6.87,36.37,0.0678,0.0503,0.0143,0.0289,1249.9998
"817","boat",467.808,467.808,39.87,69.37,0.0678,0.0503,0.0143,0.0289,10416.666
"818","beach",36.87,36.87,159.77,178.27,0.2537,0.1498,0.2339,0.6288,9583.3357
"819","beach",12.87,12.87,55.77,74.27,0.2537,0.1498,0.0082,0.0044,2916.6666
"820","beach",6.87,6.87,29.77,48.27,0.2537,0.1498,0.0233,0.0219,1249.9998
"821","charter",115.808,115.808,9.87,39.37,0.0678,0.0503,0.1082,0.324,2083.3332
"822","beach",12.87,12.87,55.77,74.27,0.2537,0.1498,0.2339,0.6288,2916.6666
"823","boat",154.194,154.194,24.87,59.87,0.0678,0.0789,0.0102,0.0209,6250.0013
"824","boat",116.994,116.994,18.87,53.87,0.0678,0.0789,0.0102,0.0209,4583.332
"825","beach",12.87,12.87,55.77,74.27,0.2537,0.1498,0.2339,0.6288,2916.6666
"826","pier",3.87,3.87,16.77,35.27,0.2537,0.1498,0.0233,0.0219,416.66668
"827","charter",154.194,154.194,24.87,59.87,0.0678,0.0789,0.0559,0.6456,6250.0013
"828","beach",30.87,30.87,133.77,152.27,0.2537,0.1498,0.0233,0.0219,7916.6663
"829","pier",3.87,3.87,16.77,35.27,0.2537,0.0014,0.0626,0.2773,416.66668
"830","charter",135.594,135.594,21.87,56.87,0.0678,0.0789,0.0102,0.0209,5416.6667
"831","charter",116.994,116.994,18.87,53.87,0.0678,0.0789,0.0102,0.0209,4583.332
"832","charter",116.994,116.994,18.87,53.87,0.0678,0.0789,0.0897,1.0905,4583.332
"833","boat",555.808,555.808,47.37,76.87,0.0678,0.0052,0.0732,0.1726,12499.998
"834","charter",116.994,116.994,18.87,53.87,0.0678,0.0789,0.0102,0.0209,4583.332
"835","boat",209.994,209.994,33.87,68.87,0.0678,0.0789,0.0102,0.0209,8750.001
"836","boat",98.394,98.394,15.87,50.87,0.0678,0.0789,0.0559,0.6456,3749.9999
"837","boat",115.808,115.808,9.87,39.37,0.0678,0.0503,0.0143,0.0289,2083.3332
"838","charter",80.608,80.608,6.87,36.37,0.0678,0.0503,0.1082,0.324,1249.9998
"839","charter",79.794,79.794,12.87,47.87,0.0678,0.0789,0.0102,0.0209,2916.6666
"840","beach",24.87,24.87,107.77,126.27,0.2537,0.1498,0.0233,0.0219,6250.0013
"841","boat",151.008,151.008,12.87,42.37,0.0678,0.0503,0.1082,0.324,2916.6666
"842","boat",256.608,256.608,21.87,51.37,0.0678,0.0503,0.0143,0.0289,5416.6667
"843","boat",98.394,98.394,15.87,50.87,0.0678,0.0789,0.0559,0.6456,3749.9999
"844","pier",12.87,12.87,55.77,74.27,0.2537,0.1498,0.2339,0.6288,2916.6666
"845","beach",21.87,21.87,94.77,113.27,0.2537,0.1498,0.0233,0.0219,5416.6667
"846","boat",115.808,115.808,9.87,39.37,0.0678,0.0503,0.1082,0.324,2083.3332
"847","charter",135.594,135.594,21.87,56.87,0.0678,0.0789,0.0102,0.0209,5416.6667
"848","charter",135.594,135.594,21.87,56.87,0.0678,0.0789,0.0559,0.6456,5416.6667
"849","pier",24.87,24.87,107.77,126.27,0.2537,0.1498,0.2339,0.6288,6250.0013
"850","charter",79.794,79.794,12.87,47.87,0.0678,0.0789,0.0897,1.0905,2916.6666
"851","boat",23.994,23.994,3.87,38.87,0.0678,0.0789,0.0559,0.6456,416.66668
"852","charter",98.394,98.394,15.87,50.87,0.0678,0.0789,0.0102,0.0209,3749.9999
"853","boat",221.408,221.408,18.87,48.37,0.0678,0.0503,0.0143,0.0289,4583.332
"854","charter",12.87,12.87,53.196,78.196,0.2537,0.1498,0.6817,2.3014,2916.6666
"855","boat",80.608,80.608,6.87,36.37,0.0678,0.0052,0.0732,0.1726,1249.9998
"856","boat",256.608,256.608,21.87,51.37,0.0678,0.0503,0.0143,0.0289,5416.6667
"857","boat",80.608,80.608,6.87,36.37,0.0678,0.0503,0.0143,0.0289,1249.9998
"858","pier",12.87,12.87,55.77,74.27,0.2537,0.1498,0.2339,0.6288,2916.6666
"859","charter",115.808,115.808,115.808,140.808,0.0678,0.0503,0.2601,0.5391,2083.3332
"860","beach",15.87,15.87,68.77,87.27,0.2537,0.1498,0.2339,0.6288,3749.9999
"861","boat",397.408,397.408,33.87,63.37,0.0678,0.0503,0.0143,0.0289,8750.001
"862","boat",79.794,79.794,12.87,47.87,0.0678,0.0789,0.0102,0.0209,2916.6666
"863","charter",42.594,42.594,6.87,41.87,0.0678,0.0789,0.0559,0.6456,1249.9998
"864","boat",256.608,256.608,21.87,51.37,0.0678,0.0503,0.1082,0.324,5416.6667
"865","pier",3.87,3.87,16.77,35.27,0.2537,0.1498,0.0233,0.0219,416.66668
"866","pier",21.87,21.87,94.77,113.27,0.2537,0.1498,0.0233,0.0219,5416.6667
"867","boat",79.794,79.794,12.87,47.87,0.0678,0.0789,0.0559,0.6456,2916.6666
"868","boat",327.008,327.008,27.87,57.37,0.0678,0.0503,0.0143,0.0289,7083.3317
"869","boat",45.408,45.408,3.87,33.37,0.0678,0.0503,0.0022,0.324,416.66668
"870","boat",175.89,175.89,121.836,146.836,0.2537,0.1498,0.6817,2.3014,2916.6666
"871","beach",31.144,31.144,70.532,105.532,0.5333,0.4522,0.0156,0.0058,1249.9998
"872","boat",35.724,35.724,31.144,56.144,0.2537,0.1498,0.6817,2.3014,1249.9998
"873","beach",121.836,121.836,203.346,238.346,0.5333,0.4522,0.0156,0.0058,2916.6666
"874","charter",175.89,175.89,121.836,146.836,0.2537,0.1498,0.6817,2.3014,2916.6666
"875","pier",93.436,93.436,155.946,190.946,0.5333,0.4522,0.2413,1.0266,2083.3332
"876","boat",224.818,224.818,245.256,270.256,0.2537,0.1498,0.6817,2.3014,7083.3317
"877","charter",128.018,128.018,139.656,164.656,0.2537,0.1498,0.6817,2.3014,3749.9999
"878","charter",57.246,57.246,9.87,34.87,0.2537,0.1498,0.0531,0.0052,2083.3332
"879","boat",22.446,22.446,3.87,28.87,0.2537,0.1498,0.7369,2.3101,416.66668
"880","charter",74.646,74.646,12.87,37.87,0.2537,0.1498,0.6817,2.3014,2916.6666
"881","boat",144.246,144.246,24.87,49.87,0.2537,0.1498,0.0531,0.0052,6250.0013
"882","beach",9.87,9.87,121.73,156.73,0.5333,0.4522,0.2413,1.0266,2083.3332
"883","charter",22.446,22.446,3.87,28.87,0.2537,0.1498,0.6817,2.3014,416.66668
"884","boat",74.646,74.646,12.87,37.87,0.2537,0.1498,0.7369,2.3101,2916.6666
"885","beach",9.87,9.87,121.73,156.73,0.5333,0.4522,0.2413,1.0266,2083.3332
"886","pier",18.87,18.87,232.73,267.73,0.5333,0.4522,0.2413,1.0266,4583.332
"887","boat",161.646,161.646,27.87,52.87,0.2537,0.1498,0.0531,0.0052,7083.3317
"888","charter",57.246,57.246,9.87,34.87,0.2537,0.1498,0.6817,2.3014,2083.3332
"889","charter",109.446,109.446,18.87,43.87,0.2537,0.1498,0.0531,0.0052,4583.332
"890","boat",74.646,74.646,12.87,37.87,0.2537,0.1498,0.0531,0.0052,2916.6666
"891","boat",22.446,22.446,3.87,28.87,0.2537,0.1498,0.6817,2.3014,416.66668
"892","pier",3.87,3.87,47.73,82.73,0.5333,0.4522,0.2413,1.0266,416.66668
"893","beach",3.87,3.87,47.73,82.73,0.5333,0.4522,0.2413,1.0266,416.66668
"894","boat",57.246,57.246,9.87,34.87,0.2537,0.1498,0.6817,2.3014,2083.3332
"895","boat",161.646,161.646,27.87,52.87,0.2537,0.1498,0.6817,2.3014,7083.3317
"896","beach",15.87,15.87,195.73,230.73,0.5333,0.4522,0.0156,0.0058,3749.9999
"897","pier",12.87,12.87,158.73,193.73,0.5333,0.4522,0.2413,1.0266,2916.6666
"898","pier",9.87,9.87,121.73,156.73,0.5333,0.4522,0.2413,1.0266,2083.3332
"899","boat",74.646,74.646,12.87,37.87,0.2537,0.1498,0.0531,0.0052,2916.6666
"900","boat",74.646,74.646,12.87,37.87,0.2537,0.1498,0.7369,2.3101,2916.6666
"901","boat",57.246,57.246,9.87,34.87,0.2537,0.1498,0.0531,0.0052,2083.3332
"902","boat",176.344,176.344,57.246,86.746,0.0678,0.0503,0.0143,0.0289,2083.3332
"903","boat",74.646,74.646,12.87,37.87,0.2537,0.1498,0.6817,2.3014,2916.6666
"904","pier",9.87,9.87,121.73,156.73,0.5333,0.4522,0.2413,1.0266,2083.3332
"905","charter",74.646,74.646,12.87,37.87,0.2537,0.1498,0.6817,2.3014,2916.6666
"906","pier",6.87,6.87,84.73,119.73,0.5333,0.4522,0.2413,1.0266,1249.9998
"907","boat",39.846,39.846,6.87,31.87,0.2537,0.1498,0.0531,0.0052,1249.9998
"908","charter",92.046,92.046,15.87,40.87,0.2537,0.1498,0.6817,2.3014,3749.9999
"909","boat",283.544,283.544,92.046,121.546,0.0678,0.0503,0.0143,0.0289,3749.9999
"910","boat",74.646,74.646,12.87,37.87,0.2537,0.1498,0.6817,2.3014,2916.6666
"911","boat",74.646,74.646,12.87,37.87,0.2537,0.1498,0.0531,0.0052,2916.6666
"912","charter",57.246,57.246,9.87,34.87,0.2537,0.1498,0.6817,2.3014,2083.3332
"913","charter",195.73,195.73,92.046,127.046,0.0678,0.0789,0.0559,0.6456,3749.9999
"914","pier",9.87,9.87,121.73,156.73,0.5333,0.4522,0.2413,1.0266,2083.3332
"915","boat",144.246,144.246,24.87,49.87,0.2537,0.1498,0.6817,2.3014,6250.0013
"916","boat",144.246,144.246,24.87,49.87,0.2537,0.1498,0.6817,2.3014,6250.0013
"917","boat",109.446,109.446,18.87,43.87,0.2537,0.1498,0.0531,0.0052,4583.332
"918","boat",39.846,39.846,6.87,31.87,0.2537,0.1498,0.0531,0.0052,1249.9998
"919","boat",57.246,57.246,9.87,34.87,0.2537,0.1498,0.0531,0.0052,2083.3332
"920","beach",27.87,27.87,343.73,378.73,0.5333,0.4522,0.2413,1.0266,7083.3317
"921","charter",92.046,92.046,15.87,40.87,0.2537,0.1498,0.6817,2.3014,3749.9999
"922","boat",92.046,92.046,15.87,40.87,0.2537,0.1498,0.6817,2.3014,3749.9999
"923","boat",15.096,15.096,213.86,248.86,0.5333,0.0069,0.0361,0.4216,4583.332
"924","pier",7.896,7.896,111.86,146.86,0.5333,0.4522,0.0156,0.0058,2083.3332
"925","beach",12.696,12.696,179.86,214.86,0.5333,0.4522,0.0051,1.0266,3749.9999
"926","boat",32.976,32.976,5.496,30.496,0.2537,0.1498,0.7369,2.3101,1249.9998
"927","boat",47.376,47.376,7.896,32.896,0.2537,0.1498,0.6817,2.3014,2083.3332
"928","beach",19.896,19.896,281.86,316.86,0.5333,0.4522,0.2413,1.0266,6250.0013
"929","boat",76.176,76.176,12.696,37.696,0.2537,0.1498,0.7369,2.3101,3749.9999
"930","boat",47.376,47.376,7.896,32.896,0.2537,0.1498,0.7369,2.3101,2083.3332
"931","boat",133.776,133.776,22.296,47.296,0.2537,0.1498,0.6817,2.3014,7083.3317
"932","charter",61.776,61.776,10.296,35.296,0.2537,0.1498,0.6817,2.3014,2916.6666
"933","boat",227.376,227.376,37.896,62.896,0.2537,0.1498,0.0531,0.0052,12499.998
"934","beach",7.896,7.896,111.86,146.86,0.5333,0.4522,0.2413,1.0266,2083.3332
"935","boat",90.576,90.576,15.096,40.096,0.2537,0.1498,0.7369,2.3101,4583.332
"936","charter",90.576,90.576,15.096,40.096,0.2537,0.1498,0.6817,2.3014,4583.332
"937","beach",15.096,15.096,213.86,248.86,0.5333,0.4522,0.2413,1.0266,4583.332
"938","beach",10.296,10.296,145.86,180.86,0.5333,0.4522,0.2413,1.0266,2916.6666
"939","charter",133.776,133.776,22.296,47.296,0.2537,0.1498,0.0531,0.0052,7083.3317
"940","boat",61.776,61.776,10.296,35.296,0.2537,0.1498,0.7369,2.3101,2916.6666
"941","boat",61.776,61.776,10.296,35.296,0.2537,0.1498,0.6817,2.3014,2916.6666
"942","beach",15.096,15.096,213.86,248.86,0.5333,0.4522,0.2413,1.0266,4583.332
"943","boat",32.976,32.976,5.496,30.496,0.2537,0.1498,0.6817,2.3014,1249.9998
"944","boat",162.576,162.576,27.096,52.096,0.2537,0.1498,0.7369,2.3101,8750.001
"945","boat",76.176,76.176,12.696,37.696,0.2537,0.1498,0.7369,2.3101,3749.9999
"946","pier",77.86,77.86,115.874,144.874,0.0678,0.0789,0.0014,0.0029,1249.9998
"947","beach",17.496,17.496,247.86,282.86,0.5333,0.4522,0.0156,0.0058,5416.6667
"948","charter",61.776,61.776,10.296,35.296,0.2537,0.1498,0.6817,2.3014,2916.6666
"949","boat",104.976,104.976,17.496,42.496,0.2537,0.1498,0.6817,2.3014,5416.6667
"950","charter",47.376,47.376,7.896,32.896,0.2537,0.1498,0.6817,2.3014,2083.3332
"951","boat",150.174,150.174,45.198,70.198,0.2537,0.1498,0.6817,2.3014,5416.6667
"952","beach",26.598,26.598,172.458,207.458,0.5333,0.4522,0.2413,1.0266,2916.6666
"953","charter",88.374,88.374,26.598,51.598,0.2537,0.1498,0.6817,2.3014,2916.6666
"954","boat",129.574,129.574,38.998,63.998,0.2537,0.1498,0.6817,2.3014,4583.332
"955","charter",132.258,132.258,67.774,102.774,0.0678,0.0789,0.0559,0.6456,2083.3332
"956","pier",26.598,26.598,172.458,207.458,0.5333,0.4522,0.2413,1.0266,2916.6666
"957","beach",14.198,14.198,92.058,127.058,0.5333,0.4522,0.2413,1.0266,1249.9998
"958","charter",47.174,47.174,14.198,39.198,0.2537,0.1498,0.6817,2.3014,1249.9998
"959","charter",108.974,108.974,32.798,57.798,0.2537,0.1498,0.6817,2.3014,3749.9999
"960","pier",20.398,20.398,132.258,167.258,0.5333,0.4522,0.0156,0.0058,2083.3332
"961","charter",88.374,88.374,26.598,51.598,0.2537,0.1498,0.6817,2.3014,2916.6666
"962","boat",129.574,129.574,38.998,63.998,0.2537,0.1498,0.7369,2.3101,4583.332
"963","boat",88.374,88.374,26.598,51.598,0.2537,0.1498,0.0531,0.0052,2916.6666
"964","beach",32.798,32.798,212.658,247.658,0.5333,0.4522,0.1665,0.3975,3749.9999
"965","boat",88.374,88.374,26.598,51.598,0.2537,0.1498,0.6817,2.3014,2916.6666
"966","charter",129.574,129.574,38.998,63.998,0.2537,0.1498,0.0531,0.0052,4583.332
"967","boat",108.974,108.974,32.798,57.798,0.2537,0.1498,0.6817,2.3014,3749.9999
"968","charter",129.574,129.574,38.998,63.998,0.2537,0.1498,0.6817,2.3014,4583.332
"969","pier",26.598,26.598,172.458,207.458,0.5333,0.4522,0.2413,1.0266,2916.6666
"970","pier",26.598,26.598,172.458,207.458,0.5333,0.4522,0.0156,0.0058,2916.6666
"971","charter",129.574,129.574,38.998,63.998,0.2537,0.1498,0.6817,2.3014,4583.332
"972","boat",253.174,253.174,76.198,101.198,0.2537,0.1498,0.6817,2.3014,9583.3357
"973","boat",108.974,108.974,32.798,57.798,0.2537,0.1498,0.0531,0.0052,3749.9999
"974","pier",20.398,20.398,132.258,167.258,0.5333,0.4522,0.2413,1.0266,2083.3332
"975","boat",47.174,47.174,14.198,39.198,0.2537,0.1498,0.0531,0.0052,1249.9998
"976","pier",38.998,38.998,252.858,287.858,0.5333,0.4522,0.1665,0.3975,4583.332
"977","boat",129.574,129.574,38.998,63.998,0.2537,0.1498,0.6817,2.3014,4583.332
"978","pier",76.198,76.198,494.058,529.058,0.5333,0.4522,0.2413,1.0266,9583.3357
"979","beach",7.998,7.998,51.858,86.858,0.5333,0.4522,0.2413,1.0266,416.66668
"980","pier",9.87,9.87,121.73,156.73,0.5333,0.4522,0.0156,0.0058,2083.3332
"981","beach",14.476,14.476,62.51,81.01,0.2537,0.1498,0.0233,0.0219,2083.3332
"982","pier",2.322,2.322,55.47,90.47,0.5333,0.4522,0.2413,1.0266,416.66668
"983","boat",53.586,53.586,4.122,29.122,0.2537,0.1498,0.6817,2.3014,1249.9998
"984","boat",123.786,123.786,9.522,34.522,0.2537,0.1498,0.0531,0.0052,3749.9999
"985","charter",61.776,61.776,10.296,35.296,0.2537,0.1498,0.0531,0.0052,2916.6666
"986","pier",3.096,3.096,43.86,78.86,0.5333,0.4522,0.2413,1.0266,416.66668
"987","pier",7.896,7.896,111.86,146.86,0.5333,0.4522,0.2413,1.0266,2083.3332
"988","boat",76.176,76.176,12.696,37.696,0.2537,0.1498,0.7369,2.3101,3749.9999
"989","boat",47.376,47.376,7.896,32.896,0.2537,0.1498,0.6817,2.3014,2083.3332
"990","charter",18.576,18.576,3.096,28.096,0.2537,0.1498,0.6817,2.3014,416.66668
"991","charter",32.976,32.976,5.496,30.496,0.2537,0.1498,0.0531,0.0052,1249.9998
"992","boat",119.376,119.376,19.896,44.896,0.2537,0.1498,0.6817,2.3014,6250.0013
"993","boat",61.776,61.776,10.296,35.296,0.2537,0.1498,0.6817,2.3014,2916.6666
"994","pier",15.096,15.096,213.86,248.86,0.5333,0.4522,0.2413,1.0266,4583.332
"995","pier",10.296,10.296,145.86,180.86,0.5333,0.4522,0.1665,0.3975,2916.6666
"996","pier",5.496,5.496,77.86,112.86,0.5333,0.4522,0.2413,1.0266,1249.9998
"997","charter",32.976,32.976,5.496,30.496,0.2537,0.1498,0.6817,2.3014,1249.9998
"998","beach",17.496,17.496,247.86,282.86,0.5333,0.4522,0.2413,1.0266,5416.6667
"999","boat",32.976,32.976,5.496,30.496,0.2537,0.1498,0.0531,0.0052,1249.9998
"1000","boat",61.776,61.776,10.296,35.296,0.2537,0.1498,0.6817,2.3014,2916.6666
"1001","boat",76.176,76.176,12.696,37.696,0.2537,0.1498,0.0531,0.0052,3749.9999
"1002","pier",5.496,5.496,77.86,112.86,0.5333,0.4522,0.2413,1.0266,1249.9998
"1003","boat",18.576,18.576,3.096,28.096,0.2537,0.1498,0.0531,0.0052,416.66668
"1004","boat",90.576,90.576,15.096,40.096,0.2537,0.1498,0.0531,0.0052,4583.332
"1005","beach",76.176,76.176,139.656,158.156,0.2537,0.1498,0.2339,0.6288,3749.9999
"1006","boat",76.176,76.176,12.696,37.696,0.2537,0.1498,0.6817,2.3014,3749.9999
"1007","boat",227.376,227.376,37.896,62.896,0.2537,0.1498,0.0531,0.0052,12499.998
"1008","beach",5.496,5.496,77.86,112.86,0.5333,0.4522,0.1665,0.3975,1249.9998
"1009","pier",47.376,47.376,86.856,105.356,0.2537,0.1498,0.2339,0.6288,2083.3332
"1010","beach",7.896,7.896,111.86,146.86,0.5333,0.4522,0.2413,1.0266,2083.3332
"1011","boat",37.506,37.506,3.29,28.29,0.2537,0.1498,0.6817,2.3014,2083.3332
"1012","beach",3.29,3.29,101.99,136.99,0.5333,0.4522,0.0051,1.0266,2083.3332
"1013","beach",2.29,2.29,70.99,105.99,0.5333,0.4522,0.1665,0.3975,1249.9998
"1014","beach",1.29,1.29,39.99,74.99,0.5333,0.4522,0.2413,1.0266,416.66668
"1015","pier",6.29,6.29,194.99,229.99,0.5333,0.4522,0.2413,1.0266,4583.332
"1016","boat",243.34,243.34,41.262,70.762,0.0678,0.0503,0.0143,0.0289,3749.9999
"1017","boat",56.862,56.862,36.45,61.45,0.2537,0.1498,0.0531,0.0052,5416.6667
"1018","pier",49.062,49.062,149.702,168.202,0.2537,0.1498,0.0082,0.0044,4583.332
"1019","charter",49.062,49.062,31.45,56.45,0.2537,0.1498,0.7369,2.3101,4583.332
"1020","boat",25.662,25.662,16.45,41.45,0.2537,0.1498,0.6817,2.3014,2083.3332
"1021","boat",214.326,214.326,56.862,91.862,0.0678,0.0789,0.0102,0.0209,5416.6667
"1022","boat",126.126,126.126,33.462,68.462,0.0678,0.0789,0.0102,0.0209,2916.6666
"1023","beach",11.45,11.45,67.326,102.326,0.5333,0.4522,0.2413,1.0266,1249.9998
"1024","charter",16.45,16.45,96.726,131.726,0.5333,0.4522,0.2413,1.0266,2083.3332
"1025","boat",243.34,243.34,41.262,70.762,0.0678,0.0503,0.0143,0.0289,3749.9999
"1026","charter",80.262,80.262,51.45,76.45,0.2537,0.1498,0.6817,2.3014,7916.6663
"1027","boat",96.726,96.726,25.662,60.662,0.0678,0.0789,0.0102,0.0209,2083.3332
"1028","beach",26.45,26.45,155.526,190.526,0.5333,0.4522,0.2413,1.0266,3749.9999
"1029","charter",25.662,25.662,16.45,41.45,0.2537,0.1498,0.6817,2.3014,2083.3332
"1030","charter",41.262,41.262,26.45,51.45,0.2537,0.1498,0.6817,2.3014,3749.9999
"1031","beach",21.45,21.45,126.126,161.126,0.5333,0.4522,0.2413,1.0266,2916.6666
"1032","charter",33.462,33.462,21.45,46.45,0.2537,0.1498,0.0531,0.0052,2916.6666
"1033","boat",67.326,67.326,17.862,52.862,0.0678,0.0789,0.0897,1.0905,1249.9998
"1034","boat",33.462,33.462,21.45,46.45,0.2537,0.1498,0.7369,2.3101,2916.6666
"1035","pier",17.862,17.862,54.502,73.002,0.2537,0.1498,0.0233,0.0219,1249.9998
"1036","beach",11.45,11.45,67.326,102.326,0.5333,0.4522,0.2413,1.0266,1249.9998
"1037","charter",176.748,176.748,18.876,48.376,0.0678,0.0503,0.1082,0.324,2916.6666
"1038","charter",14.476,14.476,22.372,47.372,0.2537,0.1498,0.0531,0.0052,2083.3332
"1039","boat",341.548,341.548,36.476,65.976,0.0678,0.0503,0.0143,0.0289,6250.0013
"1040","boat",39.846,39.846,6.87,31.87,0.2537,0.1498,0.0531,0.0052,1249.9998
"1041","boat",39.846,39.846,6.87,31.87,0.2537,0.1498,0.6817,2.3014,1249.9998
"1042","charter",74.646,74.646,12.87,37.87,0.2537,0.1498,0.6817,2.3014,2916.6666
"1043","beach",15.87,15.87,195.73,230.73,0.5333,0.4522,0.1665,0.3975,3749.9999
"1044","charter",57.246,57.246,9.87,34.87,0.2537,0.1498,0.7369,2.3101,2083.3332
"1045","charter",92.046,92.046,15.87,40.87,0.2537,0.1498,0.0531,0.0052,3749.9999
"1046","charter",90.576,90.576,15.096,40.096,0.2537,0.0014,0.7369,2.3101,4583.332
"1047","charter",61.776,61.776,10.296,35.296,0.2537,0.1498,0.6817,2.3014,2916.6666
"1048","pier",7.896,7.896,111.86,146.86,0.5333,0.4522,0.2413,1.0266,2083.3332
"1049","pier",15.096,15.096,213.86,248.86,0.5333,0.4522,0.2413,1.0266,4583.332
"1050","boat",61.776,61.776,10.296,35.296,0.2537,0.1498,0.7369,2.3101,2916.6666
"1051","charter",145.86,145.86,217.074,246.074,0.0678,0.0789,0.0014,0.0029,2916.6666
"1052","boat",76.176,76.176,12.696,37.696,0.2537,0.1498,0.7369,2.3101,3749.9999
"1053","charter",61.776,61.776,10.296,35.296,0.2537,0.1498,0.6817,2.3014,2916.6666
"1054","pier",7.896,7.896,111.86,146.86,0.5333,0.4522,0.2413,1.0266,2083.3332
"1055","beach",12.696,12.696,179.86,214.86,0.5333,0.4522,0.0156,0.0058,3749.9999
"1056","charter",104.976,104.976,17.496,42.496,0.2537,0.1498,0.6817,2.3014,5416.6667
"1057","pier",7.896,7.896,111.86,146.86,0.5333,0.4522,0.2413,1.0266,2083.3332
"1058","charter",76.176,76.176,12.696,37.696,0.2537,0.1498,0.0531,0.0052,3749.9999
"1059","boat",166.212,166.212,52.488,77.488,0.2537,0.1498,0.0531,0.0052,5416.6667
"1060","pier",16.488,16.488,97.096,132.096,0.5333,0.4522,0.2413,1.0266,1249.9998
"1061","boat",143.412,143.412,45.288,70.288,0.2537,0.1498,0.6817,2.3014,4583.332
"1062","boat",97.812,97.812,30.888,55.888,0.2537,0.1498,0.7369,2.3101,2916.6666
"1063","charter",75.012,75.012,23.688,48.688,0.2537,0.0014,0.7369,2.3101,2083.3332
"1064","pier",30.888,30.888,181.896,216.896,0.5333,0.4522,0.2413,1.0266,2916.6666
"1065","boat",120.612,120.612,38.088,63.088,0.2537,0.1498,0.6817,2.3014,3749.9999
"1066","charter",97.812,97.812,30.888,55.888,0.2537,0.1498,0.6817,2.3014,2916.6666
"1067","pier",30.888,30.888,181.896,216.896,0.5333,0.4522,0.2413,1.0266,2916.6666
"1068","boat",120.612,120.612,38.088,63.088,0.2537,0.1498,0.7369,2.3101,3749.9999
"1069","charter",97.096,97.096,52.212,87.212,0.0678,0.0789,0.0897,1.0905,1249.9998
"1070","charter",189.012,189.012,59.688,84.688,0.2537,0.1498,0.6817,2.3014,6250.0013
"1071","charter",52.212,52.212,16.488,41.488,0.2537,0.1498,0.6817,2.3014,1249.9998
"1072","boat",75.012,75.012,23.688,48.688,0.2537,0.1498,0.6817,2.3014,2083.3332
"1073","boat",351.496,351.496,189.012,224.012,0.0678,0.0789,0.0897,1.0905,6250.0013
"1074","beach",30.888,30.888,181.896,216.896,0.5333,0.4522,0.0156,0.0058,2916.6666
"1075","boat",61.776,61.776,10.296,35.296,0.2537,0.1498,0.7369,2.3101,2916.6666
"1076","boat",267.674,267.674,76.176,105.676,0.0678,0.0503,0.1082,0.324,3749.9999
"1077","pier",12.696,12.696,179.86,214.86,0.5333,0.4522,0.2413,1.0266,3749.9999
"1078","charter",32.976,32.976,5.496,30.496,0.2537,0.1498,0.6817,2.3014,1249.9998
"1079","charter",47.376,47.376,7.896,32.896,0.2537,0.1498,0.0531,0.0052,2083.3332
"1080","boat",32.976,32.976,5.496,30.496,0.2537,0.1498,0.7369,2.3101,1249.9998
"1081","pier",10.296,10.296,145.86,180.86,0.5333,0.4522,0.2413,1.0266,2916.6666
"1082","boat",267.674,267.674,76.176,105.676,0.0678,0.0503,0.0143,0.0289,3749.9999
"1083","charter",76.176,76.176,12.696,37.696,0.2537,0.1498,0.6817,2.3014,3749.9999
"1084","charter",61.776,61.776,10.296,35.296,0.2537,0.1498,0.6817,2.3014,2916.6666
"1085","charter",111.86,111.86,47.376,82.376,0.0678,0.0789,0.0102,0.0209,2083.3332
"1086","boat",227.376,227.376,37.896,62.896,0.2537,0.1498,0.7369,2.3101,12499.998
"1087","charter",76.176,76.176,12.696,37.696,0.2537,0.1498,0.6817,2.3014,3749.9999
"1088","charter",32.976,32.976,5.496,30.496,0.2537,0.1498,0.0531,0.0052,1249.9998
"1089","charter",61.776,61.776,10.296,35.296,0.2537,0.1498,0.6817,2.3014,2916.6666
"1090","boat",90.576,90.576,15.096,40.096,0.2537,0.1498,0.0531,0.0052,4583.332
"1091","boat",227.376,227.376,37.896,62.896,0.2537,0.1498,0.6817,2.3014,12499.998
"1092","boat",32.976,32.976,5.496,30.496,0.2537,0.1498,0.6817,2.3014,1249.9998
"1093","charter",47.376,47.376,7.896,32.896,0.2537,0.1498,0.7369,2.3101,2083.3332
"1094","beach",17.496,17.496,247.86,282.86,0.5333,0.4522,0.2413,1.0266,5416.6667
"1095","boat",97.812,97.812,30.888,55.888,0.2537,0.1498,0.7369,2.3101,2916.6666
"1096","pier",16.488,16.488,97.096,132.096,0.5333,0.4522,0.2413,1.0266,1249.9998
"1097","charter",75.012,75.012,23.688,48.688,0.2537,0.1498,0.0531,0.0052,2083.3332
"1098","charter",75.012,75.012,23.688,48.688,0.2537,0.1498,0.6817,2.3014,2083.3332
"1099","boat",76.986,76.986,5.922,30.922,0.2537,0.1498,0.6817,2.3014,2083.3332
"1100","boat",63.168,63.168,15.792,40.792,0.2537,0.1498,0.0531,0.0052,2083.3332
"1101","boat",82.368,82.368,20.592,45.592,0.2537,0.1498,0.0531,0.0052,2916.6666
"1102","pier",4.29,4.29,132.99,167.99,0.5333,0.4522,0.2413,1.0266,2916.6666
"1103","boat",71.706,71.706,6.29,31.29,0.2537,0.1498,0.0531,0.0052,4583.332
"1104","pier",8.29,8.29,256.99,291.99,0.5333,0.4522,0.2413,1.0266,6250.0013
"1105","beach",94.506,94.506,193.986,212.486,0.2537,0.1498,8e-04,0.0027,6250.0013
"1106","pier",1.29,1.29,39.99,74.99,0.5333,0.4522,0.0051,1.0266,416.66668
"1107","charter",37.506,37.506,3.29,28.29,0.2537,0.1498,0.6817,2.3014,2083.3332
"1108","charter",48.906,48.906,4.29,29.29,0.2537,0.1498,0.6817,2.3014,2916.6666
"1109","charter",37.506,37.506,3.29,28.29,0.2537,0.1498,0.6817,2.3014,2083.3332
"1110","charter",60.306,60.306,5.29,30.29,0.2537,0.1498,0.6817,2.3014,3749.9999
"1111","pier",3.29,3.29,101.99,136.99,0.5333,0.4522,0.2413,1.0266,2083.3332
"1112","charter",48.906,48.906,4.29,29.29,0.2537,0.1498,0.6817,2.3014,2916.6666
"1113","charter",26.106,26.106,2.29,27.29,0.2537,0.1498,0.6817,2.3014,1249.9998
"1114","charter",347.004,347.004,83.106,112.606,0.0678,0.0503,0.0143,0.0289,5416.6667
"1115","beach",6.29,6.29,194.99,229.99,0.5333,0.4522,0.2413,1.0266,4583.332
"1116","charter",48.906,48.906,4.29,29.29,0.2537,0.1498,0.6817,2.3014,2916.6666
"1117","pier",2.29,2.29,70.99,105.99,0.5333,0.4522,0.2413,1.0266,1249.9998
"1118","pier",6.29,6.29,194.99,229.99,0.5333,0.4522,0.0156,0.0058,4583.332
"1119","boat",180.006,180.006,15.79,40.79,0.2537,0.1498,0.7369,2.3101,12499.998
"1120","beach",4.29,4.29,132.99,167.99,0.5333,0.4522,0.2413,1.0266,2916.6666
"1121","beach",4.29,4.29,132.99,167.99,0.5333,0.4522,0.2413,1.0266,2916.6666
"1122","boat",204.204,204.204,48.906,78.406,0.0678,0.0052,0.0732,0.1726,2916.6666
"1123","beach",6.29,6.29,194.99,229.99,0.5333,0.4522,0.1665,0.3975,4583.332
"1124","beach",9.29,9.29,287.99,322.99,0.5333,0.4522,0.2413,1.0266,7083.3317
"1125","charter",60.306,60.306,5.29,30.29,0.2537,0.1498,0.7369,2.3101,3749.9999
"1126","pier",5.29,5.29,163.99,198.99,0.5333,0.4522,0.2413,1.0266,3749.9999
"1127","pier",4.29,4.29,132.99,167.99,0.5333,0.4522,0.0156,0.0058,2916.6666
"1128","boat",94.506,94.506,8.29,33.29,0.2537,0.1498,0.7369,2.3101,6250.0013
"1129","charter",60.306,60.306,5.29,30.29,0.2537,0.1498,0.0531,0.0052,3749.9999
"1130","boat",37.506,37.506,3.29,28.29,0.2537,0.1498,0.0531,0.0052,2083.3332
"1131","pier",3.29,3.29,101.99,136.99,0.5333,0.4522,0.2413,1.0266,2083.3332
"1132","charter",48.906,48.906,4.29,29.29,0.2537,0.1498,0.7369,2.3101,2916.6666
"1133","boat",117.306,117.306,10.29,35.29,0.2537,0.1498,0.7369,2.3101,7916.6663
"1134","boat",71.706,71.706,6.29,31.29,0.2537,0.1498,0.6817,2.3014,4583.332
"1135","pier",37.506,37.506,76.986,95.486,0.2537,0.1498,0.0233,0.0219,2083.3332
"1136","boat",101.99,101.99,37.506,72.506,0.0678,0.0789,0.0102,0.0209,2083.3332
"1137","pier",37.506,37.506,76.986,95.486,0.2537,0.1498,0.0082,0.0044,2083.3332
"1138","charter",48.906,48.906,4.29,29.29,0.2537,0.1498,0.6817,2.3014,2916.6666
"1139","boat",60.306,60.306,5.29,30.29,0.2537,0.1498,0.7369,2.3101,3749.9999
"1140","boat",71.706,71.706,6.29,31.29,0.2537,0.1498,0.6817,2.3014,4583.332
"1141","boat",71.706,71.706,6.29,31.29,0.2537,0.1498,0.6817,2.3014,4583.332
"1142","boat",4.29,4.29,132.99,167.99,0.5333,0.4522,0.0156,0.0058,2916.6666
"1143","boat",5.29,5.29,163.99,198.99,0.5333,0.0069,0.0361,0.4216,3749.9999
"1144","charter",48.906,48.906,4.29,29.29,0.2537,0.1498,0.6817,2.3014,2916.6666
"1145","pier",6.29,6.29,194.99,229.99,0.5333,0.4522,0.2413,1.0266,4583.332
"1146","charter",180.006,180.006,15.79,40.79,0.2537,0.1498,0.7369,2.3101,12499.998
"1147","charter",83.106,83.106,7.29,32.29,0.2537,0.1498,0.6817,2.3014,5416.6667
"1148","charter",83.106,83.106,7.29,32.29,0.2537,0.1498,0.6817,2.3014,5416.6667
"1149","pier",37.506,37.506,76.986,95.486,0.2537,0.1498,0.0233,0.0219,2083.3332
"1150","charter",94.506,94.506,8.29,33.29,0.2537,0.1498,0.6817,2.3014,6250.0013
"1151","boat",71.706,71.706,6.29,31.29,0.2537,0.1498,0.6817,2.3014,4583.332
"1152","boat",163.99,163.99,60.306,95.306,0.0678,0.0789,0.0102,0.0209,3749.9999
"1153","boat",71.706,71.706,6.29,31.29,0.2537,0.1498,0.0531,0.0052,4583.332
"1154","beach",105.906,105.906,217.386,235.886,0.2537,0.1498,0.0233,0.0219,7083.3317
"1155","boat",30.186,30.186,39.99,63.99,0.1049,0.0451,0.1574,0.4671,416.66668
"1156","pier",2.29,2.29,70.99,105.99,0.5333,0.4522,0.2413,1.0266,1249.9998
"1157","charter",94.506,94.506,8.29,33.29,0.2537,0.1498,0.6817,2.3014,6250.0013
"1158","pier",1.29,1.29,39.99,74.99,0.5333,0.4522,0.1665,0.3975,416.66668
"1159","boat",194.99,194.99,71.706,106.706,0.0678,0.0789,0.0559,0.6456,4583.332
"1160","beach",18.876,18.876,81.51,100.01,0.2537,0.1498,0.2339,0.6288,2916.6666
"1161","boat",259.148,259.148,27.676,57.176,0.0678,0.0503,0.0143,0.0289,4583.332
"1162","charter",32.076,32.076,49.572,74.572,0.2537,0.1498,0.6817,2.3014,5416.6667
"1163","boat",143.412,143.412,45.288,70.288,0.2537,0.1498,0.0531,0.0052,4583.332
"1164","pier",23.276,23.276,100.51,119.01,0.2537,0.1498,0.0082,0.0044,3749.9999
"1165","boat",388.434,388.434,69.476,104.476,0.0678,0.0789,0.0102,0.0209,12499.998
"1166","charter",97.812,97.812,30.888,55.888,0.2537,0.1498,0.6817,2.3014,2916.6666
"1167","pier",52.488,52.488,309.096,344.096,0.5333,0.4522,0.0156,0.0058,5416.6667
"1168","beach",23.688,23.688,139.496,174.496,0.5333,0.4522,0.0156,0.0058,2083.3332
"1169","charter",181.896,181.896,97.812,132.812,0.0678,0.0789,0.0897,1.0905,2916.6666
"1170","pier",23.688,23.688,139.496,174.496,0.5333,0.4522,0.2413,1.0266,2083.3332
"1171","boat",255.15,255.15,106.434,141.434,0.5333,0.4522,0.2413,1.0266,5416.6667
"1172","boat",164.834,164.834,155.802,190.802,0.0678,0.0025,0.0108,0.2377,8750.001
"1173","charter",45.402,45.402,45.402,63.902,0.2537,0.1498,0.0233,0.0219,2083.3332
"1174","beach",62.634,62.634,123.552,152.552,0.0678,0.0789,0.0014,0.0029,2916.6666
"1175","boat",91.834,91.834,86.802,121.802,0.0678,0.0789,0.0102,0.0209,4583.332
"1176","charter",121.034,121.034,114.402,149.402,0.0678,0.0789,0.0102,0.0209,6250.0013
"1177","beach",121.836,121.836,203.346,238.346,0.5333,0.4522,0.2413,1.0266,2916.6666
"1178","pier",150.236,150.236,250.746,285.746,0.5333,0.4522,0.2413,1.0266,3749.9999
"1179","beach",235.436,235.436,392.946,427.946,0.5333,0.4522,0.2413,1.0266,6250.0013
"1180","pier",65.036,65.036,108.546,143.546,0.5333,0.4522,0.2413,1.0266,1249.9998
"1181","beach",36.636,36.636,61.146,96.146,0.5333,0.4522,0.1665,0.3975,416.66668
"1182","boat",339.89,339.89,235.436,260.436,0.2537,0.1498,0.6817,2.3014,6250.0013
